{"ddd":0,"h":800,"w":500,"meta":{"g":"LottieFiles Figma v36"},"layers":[{"ty":4,"sr":1,"st":0,"op":49.00000071525574,"ip":0,"hasMask":false,"ao":0,"ks":{"a":{"a":1,"k":[{"o":{"x":0,"y":0},"i":{"x":0.58,"y":1},"s":[7.15,7.71],"t":0},{"o":{"x":0.32,"y":0},"i":{"x":0.67,"y":0},"s":[7.15,12.05],"t":24.00000035762787},{"s":[7.15,7.71],"t":48.00000071525574}]},"s":{"a":1,"k":[{"o":{"x":0,"y":0},"i":{"x":0.58,"y":1},"s":[100,100],"t":0},{"o":{"x":0.32,"y":0},"i":{"x":0.67,"y":0},"s":[100,100],"t":24.00000035762787},{"s":[100,100],"t":48.00000071525574}]},"p":{"a":1,"k":[{"o":{"x":0,"y":0},"i":{"x":0.58,"y":1},"s":[250.25,610.93],"t":0},{"o":{"x":0.32,"y":0},"i":{"x":0.67,"y":0},"s":[279.49,50.87],"t":24.00000035762787},{"s":[250.25,610.93],"t":48.00000071525574}]},"r":{"a":1,"k":[{"o":{"x":0,"y":0},"i":{"x":0.58,"y":1},"s":[0],"t":0},{"o":{"x":0.32,"y":0},"i":{"x":0.67,"y":0},"s":[9.26],"t":24.00000035762787},{"s":[0],"t":48.00000071525574}]},"o":{"a":1,"k":[{"o":{"x":0,"y":0},"i":{"x":0.58,"y":1},"s":[100],"t":0},{"o":{"x":0.32,"y":0},"i":{"x":0.67,"y":0},"s":[100],"t":24.00000035762787},{"s":[100],"t":48.00000071525574}]}},"shapes":[{"ty":"sh","d":1,"ks":{"a":1,"k":[{"o":{"x":0,"y":0},"i":{"x":0.58,"y":1},"s":[{"c":true,"i":[[0,0],[3.95,0],[0,4.26],[-3.95,0],[0,-4.26]],"o":[[0,4.26],[-3.95,0],[0,-4.26],[3.95,0],[0,0]],"v":[[14.3,7.71],[7.15,15.42],[0,7.71],[7.15,0],[14.3,7.71]]}],"t":0},{"o":{"x":0.32,"y":0},"i":{"x":0.67,"y":0},"s":[{"c":true,"i":[[0,0],[3.95,0],[0,6.66],[-3.95,0],[0,-6.66]],"o":[[0,6.66],[-3.95,0],[0,-6.66],[3.95,0],[0,0]],"v":[[14.3,12.05],[7.15,24.11],[0,12.05],[7.15,0],[14.3,12.05]]}],"t":24.00000035762787},{"s":[{"c":true,"i":[[0,0],[3.95,0],[0,4.26],[-3.95,0],[0,-4.26]],"o":[[0,4.26],[-3.95,0],[0,-4.26],[3.95,0],[0,0]],"v":[[14.3,7.71],[7.15,15.42],[0,7.71],[7.15,0],[14.3,7.71]]}],"t":48.00000071525574}]}},{"ty":"fl","c":{"a":1,"k":[{"o":{"x":0,"y":0},"i":{"x":0.58,"y":1},"s":[0,0,0],"t":0},{"o":{"x":0.32,"y":0},"i":{"x":0.67,"y":0},"s":[0,0,0],"t":24.00000035762787},{"s":[0,0,0],"t":48.00000071525574}]},"r":1,"o":{"a":1,"k":[{"o":{"x":0,"y":0},"i":{"x":0.58,"y":1},"s":[100],"t":0},{"o":{"x":0.32,"y":0},"i":{"x":0.67,"y":0},"s":[100],"t":24.00000035762787},{"s":[100],"t":48.00000071525574}]}}],"ind":1},{"ty":4,"sr":1,"st":0,"op":49.00000071525574,"ip":0,"hasMask":false,"ao":0,"ks":{"a":{"a":1,"k":[{"o":{"x":0,"y":0},"i":{"x":0.58,"y":1},"s":[5.77,10.49],"t":0},{"o":{"x":0.32,"y":0},"i":{"x":0.67,"y":0},"s":[7.15,12.05],"t":24.00000035762787},{"s":[5.77,10.49],"t":48.00000071525574}]},"s":{"a":1,"k":[{"o":{"x":0,"y":0},"i":{"x":0.58,"y":1},"s":[118.66,76.73],"t":0},{"o":{"x":0.32,"y":0},"i":{"x":0.67,"y":0},"s":[100,100],"t":24.00000035762787},{"s":[118.66,76.73],"t":48.00000071525574}]},"p":{"a":1,"k":[{"o":{"x":0,"y":0},"i":{"x":0.58,"y":1},"s":[277.95,614.32],"t":0},{"o":{"x":0.32,"y":0},"i":{"x":0.67,"y":0},"s":[309.67,55.78],"t":24.00000035762787},{"s":[277.95,614.32],"t":48.00000071525574}]},"r":{"a":1,"k":[{"o":{"x":0,"y":0},"i":{"x":0.58,"y":1},"s":[-37.5],"t":0},{"o":{"x":0.32,"y":0},"i":{"x":0.67,"y":0},"s":[-40.93],"t":24.00000035762787},{"s":[-37.5],"t":48.00000071525574}]},"o":{"a":1,"k":[{"o":{"x":0,"y":0},"i":{"x":0.58,"y":1},"s":[100],"t":0},{"o":{"x":0.32,"y":0},"i":{"x":0.67,"y":0},"s":[100],"t":24.00000035762787},{"s":[100],"t":48.00000071525574}]}},"shapes":[{"ty":"sh","d":1,"ks":{"a":1,"k":[{"o":{"x":0,"y":0},"i":{"x":0.58,"y":1},"s":[{"c":true,"i":[[0,0],[3.19,0],[0,5.8],[-3.19,0],[0,-5.8]],"o":[[0,5.8],[-3.19,0],[0,-5.8],[3.19,0],[0,0]],"v":[[11.54,10.49],[5.77,20.99],[0,10.49],[5.77,0],[11.54,10.49]]}],"t":0},{"o":{"x":0.32,"y":0},"i":{"x":0.67,"y":0},"s":[{"c":true,"i":[[0,0],[3.95,0],[0,6.66],[-3.95,0],[0,-6.66]],"o":[[0,6.66],[-3.95,0],[0,-6.66],[3.95,0],[0,0]],"v":[[14.3,12.05],[7.15,24.11],[0,12.05],[7.15,0],[14.3,12.05]]}],"t":24.00000035762787},{"s":[{"c":true,"i":[[0,0],[3.19,0],[0,5.8],[-3.19,0],[0,-5.8]],"o":[[0,5.8],[-3.19,0],[0,-5.8],[3.19,0],[0,0]],"v":[[11.54,10.49],[5.77,20.99],[0,10.49],[5.77,0],[11.54,10.49]]}],"t":48.00000071525574}]}},{"ty":"fl","c":{"a":1,"k":[{"o":{"x":0,"y":0},"i":{"x":0.58,"y":1},"s":[0,0,0],"t":0},{"o":{"x":0.32,"y":0},"i":{"x":0.67,"y":0},"s":[0,0,0],"t":24.00000035762787},{"s":[0,0,0],"t":48.00000071525574}]},"r":1,"o":{"a":1,"k":[{"o":{"x":0,"y":0},"i":{"x":0.58,"y":1},"s":[100],"t":0},{"o":{"x":0.32,"y":0},"i":{"x":0.67,"y":0},"s":[100],"t":24.00000035762787},{"s":[100],"t":48.00000071525574}]}}],"ind":2},{"ty":4,"sr":1,"st":0,"op":49.00000071525574,"ip":0,"hasMask":false,"ao":0,"ks":{"a":{"a":1,"k":[{"o":{"x":0,"y":0},"i":{"x":0.58,"y":1},"s":[10.49,5.77],"t":0},{"o":{"x":0.32,"y":0},"i":{"x":0.67,"y":0},"s":[12.05,7.15],"t":24.00000035762787},{"s":[10.49,5.77],"t":48.00000071525574}]},"s":{"a":1,"k":[{"o":{"x":0,"y":0},"i":{"x":0.58,"y":1},"s":[118.66,76.73],"t":0},{"o":{"x":0.32,"y":0},"i":{"x":0.67,"y":0},"s":[100,100],"t":24.00000035762787},{"s":[118.66,76.73],"t":48.00000071525574}]},"p":{"a":1,"k":[{"o":{"x":0,"y":0},"i":{"x":0.58,"y":1},"s":[216.71,612.51],"t":0},{"o":{"x":0.32,"y":0},"i":{"x":0.67,"y":0},"s":[248.23,45.77],"t":24.00000035762787},{"s":[216.71,612.51],"t":48.00000071525574}]},"r":{"a":1,"k":[{"o":{"x":0,"y":0},"i":{"x":0.58,"y":1},"s":[-28.06],"t":0},{"o":{"x":0.32,"y":0},"i":{"x":0.67,"y":0},"s":[-30.55],"t":24.00000035762787},{"s":[-28.06],"t":48.00000071525574}]},"o":{"a":1,"k":[{"o":{"x":0,"y":0},"i":{"x":0.58,"y":1},"s":[100],"t":0},{"o":{"x":0.32,"y":0},"i":{"x":0.67,"y":0},"s":[100],"t":24.00000035762787},{"s":[100],"t":48.00000071525574}]}},"shapes":[{"ty":"sh","d":1,"ks":{"a":1,"k":[{"o":{"x":0,"y":0},"i":{"x":0.58,"y":1},"s":[{"c":true,"i":[[0,0],[5.8,0],[0,3.19],[-5.8,0],[0,-3.19]],"o":[[0,3.19],[-5.8,0],[0,-3.19],[5.8,0],[0,0]],"v":[[20.99,5.77],[10.49,11.54],[0,5.77],[10.49,0],[20.99,5.77]]}],"t":0},{"o":{"x":0.32,"y":0},"i":{"x":0.67,"y":0},"s":[{"c":true,"i":[[0,0],[6.66,0],[0,3.95],[-6.66,0],[0,-3.95]],"o":[[0,3.95],[-6.66,0],[0,-3.95],[6.66,0],[0,0]],"v":[[24.11,7.15],[12.05,14.3],[0,7.15],[12.05,0],[24.11,7.15]]}],"t":24.00000035762787},{"s":[{"c":true,"i":[[0,0],[5.8,0],[0,3.19],[-5.8,0],[0,-3.19]],"o":[[0,3.19],[-5.8,0],[0,-3.19],[5.8,0],[0,0]],"v":[[20.99,5.77],[10.49,11.54],[0,5.77],[10.49,0],[20.99,5.77]]}],"t":48.00000071525574}]}},{"ty":"fl","c":{"a":1,"k":[{"o":{"x":0,"y":0},"i":{"x":0.58,"y":1},"s":[0,0,0],"t":0},{"o":{"x":0.32,"y":0},"i":{"x":0.67,"y":0},"s":[0,0,0],"t":24.00000035762787},{"s":[0,0,0],"t":48.00000071525574}]},"r":1,"o":{"a":1,"k":[{"o":{"x":0,"y":0},"i":{"x":0.58,"y":1},"s":[100],"t":0},{"o":{"x":0.32,"y":0},"i":{"x":0.67,"y":0},"s":[100],"t":24.00000035762787},{"s":[100],"t":48.00000071525574}]}}],"ind":3},{"ty":4,"sr":1,"st":0,"op":49.00000071525574,"ip":0,"hasMask":false,"ao":0,"ks":{"a":{"a":1,"k":[{"o":{"x":0,"y":0},"i":{"x":0.58,"y":1},"s":[9.39,3.89],"t":0},{"o":{"x":0.32,"y":0},"i":{"x":0.67,"y":0},"s":[9.39,6.07],"t":24.00000035762787},{"s":[9.39,3.89],"t":48.00000071525574}]},"s":{"a":1,"k":[{"o":{"x":0,"y":0},"i":{"x":0.58,"y":1},"s":[100,100],"t":0},{"o":{"x":0.32,"y":0},"i":{"x":0.67,"y":0},"s":[100,100],"t":24.00000035762787},{"s":[100,100],"t":48.00000071525574}]},"p":{"a":1,"k":[{"o":{"x":0,"y":0},"i":{"x":0.58,"y":1},"s":[275.57,647.87],"t":0},{"o":{"x":0.32,"y":0},"i":{"x":0.67,"y":0},"s":[295.2,111.93],"t":24.00000035762787},{"s":[275.57,647.87],"t":48.00000071525574}]},"r":{"a":1,"k":[{"o":{"x":0,"y":0},"i":{"x":0.58,"y":1},"s":[0],"t":0},{"o":{"x":0.32,"y":0},"i":{"x":0.67,"y":0},"s":[9.26],"t":24.00000035762787},{"s":[0],"t":48.00000071525574}]},"o":{"a":1,"k":[{"o":{"x":0,"y":0},"i":{"x":0.58,"y":1},"s":[100],"t":0},{"o":{"x":0.32,"y":0},"i":{"x":0.67,"y":0},"s":[100],"t":24.00000035762787},{"s":[100],"t":48.00000071525574}]}},"shapes":[{"ty":"sh","d":1,"ks":{"a":1,"k":[{"o":{"x":0,"y":0},"i":{"x":0.58,"y":1},"s":[{"c":true,"i":[[0,0],[5.18,0],[0,2.15],[-5.18,0],[0,-2.15]],"o":[[0,2.15],[-5.18,0],[0,-2.15],[5.18,0],[0,0]],"v":[[18.78,3.89],[9.39,7.77],[0,3.89],[9.39,0],[18.78,3.89]]}],"t":0},{"o":{"x":0.32,"y":0},"i":{"x":0.67,"y":0},"s":[{"c":true,"i":[[0,0],[5.18,0],[0,3.35],[-5.18,0],[0,-3.35]],"o":[[0,3.35],[-5.18,0],[0,-3.35],[5.18,0],[0,0]],"v":[[18.78,6.07],[9.39,12.15],[0,6.07],[9.39,0],[18.78,6.07]]}],"t":24.00000035762787},{"s":[{"c":true,"i":[[0,0],[5.18,0],[0,2.15],[-5.18,0],[0,-2.15]],"o":[[0,2.15],[-5.18,0],[0,-2.15],[5.18,0],[0,0]],"v":[[18.78,3.89],[9.39,7.77],[0,3.89],[9.39,0],[18.78,3.89]]}],"t":48.00000071525574}]}},{"ty":"fl","c":{"a":1,"k":[{"o":{"x":0,"y":0},"i":{"x":0.58,"y":1},"s":[1,0.651,0.4118],"t":0},{"o":{"x":0.32,"y":0},"i":{"x":0.67,"y":0},"s":[1,0.651,0.4118],"t":24.00000035762787},{"s":[1,0.651,0.4118],"t":48.00000071525574}]},"r":1,"o":{"a":1,"k":[{"o":{"x":0,"y":0},"i":{"x":0.58,"y":1},"s":[100],"t":0},{"o":{"x":0.32,"y":0},"i":{"x":0.67,"y":0},"s":[100],"t":24.00000035762787},{"s":[100],"t":48.00000071525574}]}}],"ind":4},{"ty":4,"sr":1,"st":0,"op":49.00000071525574,"ip":0,"hasMask":false,"ao":0,"ks":{"a":{"a":1,"k":[{"o":{"x":0,"y":0},"i":{"x":0.58,"y":1},"s":[14.51,6.01],"t":0},{"o":{"x":0.32,"y":0},"i":{"x":0.67,"y":0},"s":[14.51,9.39],"t":24.00000035762787},{"s":[14.51,6.01],"t":48.00000071525574}]},"s":{"a":1,"k":[{"o":{"x":0,"y":0},"i":{"x":0.58,"y":1},"s":[100,100],"t":0},{"o":{"x":0.32,"y":0},"i":{"x":0.67,"y":0},"s":[100,100],"t":24.00000035762787},{"s":[100,100],"t":48.00000071525574}]},"p":{"a":1,"k":[{"o":{"x":0,"y":0},"i":{"x":0.58,"y":1},"s":[207.46,660.43],"t":0},{"o":{"x":0.32,"y":0},"i":{"x":0.67,"y":0},"s":[224.82,120.36],"t":24.00000035762787},{"s":[207.46,660.43],"t":48.00000071525574}]},"r":{"a":1,"k":[{"o":{"x":0,"y":0},"i":{"x":0.58,"y":1},"s":[0],"t":0},{"o":{"x":0.32,"y":0},"i":{"x":0.67,"y":0},"s":[9.26],"t":24.00000035762787},{"s":[0],"t":48.00000071525574}]},"o":{"a":1,"k":[{"o":{"x":0,"y":0},"i":{"x":0.58,"y":1},"s":[100],"t":0},{"o":{"x":0.32,"y":0},"i":{"x":0.67,"y":0},"s":[100],"t":24.00000035762787},{"s":[100],"t":48.00000071525574}]}},"shapes":[{"ty":"sh","d":1,"ks":{"a":1,"k":[{"o":{"x":0,"y":0},"i":{"x":0.58,"y":1},"s":[{"c":true,"i":[[0,0],[8.01,0],[0,3.32],[-8.01,0],[0,-3.32]],"o":[[0,3.32],[-8.01,0],[0,-3.32],[8.01,0],[0,0]],"v":[[29.02,6.01],[14.51,12.01],[0,6.01],[14.51,0],[29.02,6.01]]}],"t":0},{"o":{"x":0.32,"y":0},"i":{"x":0.67,"y":0},"s":[{"c":true,"i":[[0,0],[8.01,0],[0,5.18],[-8.01,0],[0,-5.18]],"o":[[0,5.18],[-8.01,0],[0,-5.18],[8.01,0],[0,0]],"v":[[29.02,9.39],[14.51,18.78],[0,9.39],[14.51,0],[29.02,9.39]]}],"t":24.00000035762787},{"s":[{"c":true,"i":[[0,0],[8.01,0],[0,3.32],[-8.01,0],[0,-3.32]],"o":[[0,3.32],[-8.01,0],[0,-3.32],[8.01,0],[0,0]],"v":[[29.02,6.01],[14.51,12.01],[0,6.01],[14.51,0],[29.02,6.01]]}],"t":48.00000071525574}]}},{"ty":"fl","c":{"a":1,"k":[{"o":{"x":0,"y":0},"i":{"x":0.58,"y":1},"s":[1,0.651,0.4118],"t":0},{"o":{"x":0.32,"y":0},"i":{"x":0.67,"y":0},"s":[1,0.651,0.4118],"t":24.00000035762787},{"s":[1,0.651,0.4118],"t":48.00000071525574}]},"r":1,"o":{"a":1,"k":[{"o":{"x":0,"y":0},"i":{"x":0.58,"y":1},"s":[100],"t":0},{"o":{"x":0.32,"y":0},"i":{"x":0.67,"y":0},"s":[100],"t":24.00000035762787},{"s":[100],"t":48.00000071525574}]}}],"ind":5},{"ty":4,"sr":1,"st":0,"op":49.00000071525574,"ip":0,"hasMask":false,"ao":0,"ks":{"a":{"a":1,"k":[{"o":{"x":0,"y":0},"i":{"x":0.58,"y":1},"s":[14.51,6.01],"t":0},{"o":{"x":0.32,"y":0},"i":{"x":0.67,"y":0},"s":[14.51,9.39],"t":24.00000035762787},{"s":[14.51,6.01],"t":48.00000071525574}]},"s":{"a":1,"k":[{"o":{"x":0,"y":0},"i":{"x":0.58,"y":1},"s":[100,100],"t":0},{"o":{"x":0.32,"y":0},"i":{"x":0.67,"y":0},"s":[100,100],"t":24.00000035762787},{"s":[100,100],"t":48.00000071525574}]},"p":{"a":1,"k":[{"o":{"x":0,"y":0},"i":{"x":0.58,"y":1},"s":[339.47,660.43],"t":0},{"o":{"x":0.32,"y":0},"i":{"x":0.67,"y":0},"s":[355.11,141.59],"t":24.00000035762787},{"s":[339.47,660.43],"t":48.00000071525574}]},"r":{"a":1,"k":[{"o":{"x":0,"y":0},"i":{"x":0.58,"y":1},"s":[0],"t":0},{"o":{"x":0.32,"y":0},"i":{"x":0.67,"y":0},"s":[9.26],"t":24.00000035762787},{"s":[0],"t":48.00000071525574}]},"o":{"a":1,"k":[{"o":{"x":0,"y":0},"i":{"x":0.58,"y":1},"s":[100],"t":0},{"o":{"x":0.32,"y":0},"i":{"x":0.67,"y":0},"s":[100],"t":24.00000035762787},{"s":[100],"t":48.00000071525574}]}},"shapes":[{"ty":"sh","d":1,"ks":{"a":1,"k":[{"o":{"x":0,"y":0},"i":{"x":0.58,"y":1},"s":[{"c":true,"i":[[0,0],[8.01,0],[0,3.32],[-8.01,0],[0,-3.32]],"o":[[0,3.32],[-8.01,0],[0,-3.32],[8.01,0],[0,0]],"v":[[29.02,6.01],[14.51,12.01],[0,6.01],[14.51,0],[29.02,6.01]]}],"t":0},{"o":{"x":0.32,"y":0},"i":{"x":0.67,"y":0},"s":[{"c":true,"i":[[0,0],[8.01,0],[0,5.18],[-8.01,0],[0,-5.18]],"o":[[0,5.18],[-8.01,0],[0,-5.18],[8.01,0],[0,0]],"v":[[29.02,9.39],[14.51,18.78],[0,9.39],[14.51,0],[29.02,9.39]]}],"t":24.00000035762787},{"s":[{"c":true,"i":[[0,0],[8.01,0],[0,3.32],[-8.01,0],[0,-3.32]],"o":[[0,3.32],[-8.01,0],[0,-3.32],[8.01,0],[0,0]],"v":[[29.02,6.01],[14.51,12.01],[0,6.01],[14.51,0],[29.02,6.01]]}],"t":48.00000071525574}]}},{"ty":"fl","c":{"a":1,"k":[{"o":{"x":0,"y":0},"i":{"x":0.58,"y":1},"s":[1,0.651,0.4118],"t":0},{"o":{"x":0.32,"y":0},"i":{"x":0.67,"y":0},"s":[1,0.651,0.4118],"t":24.00000035762787},{"s":[1,0.651,0.4118],"t":48.00000071525574}]},"r":1,"o":{"a":1,"k":[{"o":{"x":0,"y":0},"i":{"x":0.58,"y":1},"s":[100],"t":0},{"o":{"x":0.32,"y":0},"i":{"x":0.67,"y":0},"s":[100],"t":24.00000035762787},{"s":[100],"t":48.00000071525574}]}}],"ind":6},{"ty":4,"sr":1,"st":0,"op":49.00000071525574,"ip":0,"hasMask":false,"ao":0,"ks":{"a":{"a":1,"k":[{"o":{"x":0,"y":0},"i":{"x":0.58,"y":1},"s":[14.51,6.01],"t":0},{"o":{"x":0.32,"y":0},"i":{"x":0.67,"y":0},"s":[14.51,9.39],"t":24.00000035762787},{"s":[14.51,6.01],"t":48.00000071525574}]},"s":{"a":1,"k":[{"o":{"x":0,"y":0},"i":{"x":0.58,"y":1},"s":[100,100],"t":0},{"o":{"x":0.32,"y":0},"i":{"x":0.67,"y":0},"s":[100,100],"t":24.00000035762787},{"s":[100,100],"t":48.00000071525574}]},"p":{"a":1,"k":[{"o":{"x":0,"y":0},"i":{"x":0.58,"y":1},"s":[398.62,646.97],"t":0},{"o":{"x":0.32,"y":0},"i":{"x":0.67,"y":0},"s":[416.88,130.33],"t":24.00000035762787},{"s":[398.62,646.97],"t":48.00000071525574}]},"r":{"a":1,"k":[{"o":{"x":0,"y":0},"i":{"x":0.58,"y":1},"s":[0],"t":0},{"o":{"x":0.32,"y":0},"i":{"x":0.67,"y":0},"s":[9.26],"t":24.00000035762787},{"s":[0],"t":48.00000071525574}]},"o":{"a":1,"k":[{"o":{"x":0,"y":0},"i":{"x":0.58,"y":1},"s":[100],"t":0},{"o":{"x":0.32,"y":0},"i":{"x":0.67,"y":0},"s":[100],"t":24.00000035762787},{"s":[100],"t":48.00000071525574}]}},"shapes":[{"ty":"sh","d":1,"ks":{"a":1,"k":[{"o":{"x":0,"y":0},"i":{"x":0.58,"y":1},"s":[{"c":true,"i":[[0,0],[8.01,0],[0,3.32],[-8.01,0],[0,-3.32]],"o":[[0,3.32],[-8.01,0],[0,-3.32],[8.01,0],[0,0]],"v":[[29.02,6.01],[14.51,12.01],[0,6.01],[14.51,0],[29.02,6.01]]}],"t":0},{"o":{"x":0.32,"y":0},"i":{"x":0.67,"y":0},"s":[{"c":true,"i":[[0,0],[8.01,0],[0,5.18],[-8.01,0],[0,-5.18]],"o":[[0,5.18],[-8.01,0],[0,-5.18],[8.01,0],[0,0]],"v":[[29.02,9.39],[14.51,18.78],[0,9.39],[14.51,0],[29.02,9.39]]}],"t":24.00000035762787},{"s":[{"c":true,"i":[[0,0],[8.01,0],[0,3.32],[-8.01,0],[0,-3.32]],"o":[[0,3.32],[-8.01,0],[0,-3.32],[8.01,0],[0,0]],"v":[[29.02,6.01],[14.51,12.01],[0,6.01],[14.51,0],[29.02,6.01]]}],"t":48.00000071525574}]}},{"ty":"fl","c":{"a":1,"k":[{"o":{"x":0,"y":0},"i":{"x":0.58,"y":1},"s":[1,0.651,0.4118],"t":0},{"o":{"x":0.32,"y":0},"i":{"x":0.67,"y":0},"s":[1,0.651,0.4118],"t":24.00000035762787},{"s":[1,0.651,0.4118],"t":48.00000071525574}]},"r":1,"o":{"a":1,"k":[{"o":{"x":0,"y":0},"i":{"x":0.58,"y":1},"s":[100],"t":0},{"o":{"x":0.32,"y":0},"i":{"x":0.67,"y":0},"s":[100],"t":24.00000035762787},{"s":[100],"t":48.00000071525574}]}}],"ind":7},{"ty":4,"sr":1,"st":0,"op":49.00000071525574,"ip":0,"hasMask":false,"ao":0,"ks":{"a":{"a":1,"k":[{"o":{"x":0,"y":0},"i":{"x":0.58,"y":1},"s":[6.91,5.83],"t":0},{"o":{"x":0.32,"y":0},"i":{"x":0.67,"y":0},"s":[6.91,9.12],"t":24.00000035762787},{"s":[6.91,5.83],"t":48.00000071525574}]},"s":{"a":1,"k":[{"o":{"x":0,"y":0},"i":{"x":0.58,"y":1},"s":[100,100],"t":0},{"o":{"x":0.32,"y":0},"i":{"x":0.67,"y":0},"s":[100,100],"t":24.00000035762787},{"s":[100,100],"t":48.00000071525574}]},"p":{"a":1,"k":[{"o":{"x":0,"y":0},"i":{"x":0.58,"y":1},"s":[89.11,656.84],"t":0},{"o":{"x":0.32,"y":0},"i":{"x":0.67,"y":0},"s":[108.92,95.78],"t":24.00000035762787},{"s":[89.11,656.84],"t":48.00000071525574}]},"r":{"a":1,"k":[{"o":{"x":0,"y":0},"i":{"x":0.58,"y":1},"s":[0],"t":0},{"o":{"x":0.32,"y":0},"i":{"x":0.67,"y":0},"s":[9.26],"t":24.00000035762787},{"s":[0],"t":48.00000071525574}]},"o":{"a":1,"k":[{"o":{"x":0,"y":0},"i":{"x":0.58,"y":1},"s":[100],"t":0},{"o":{"x":0.32,"y":0},"i":{"x":0.67,"y":0},"s":[100],"t":24.00000035762787},{"s":[100],"t":48.00000071525574}]}},"shapes":[{"ty":"sh","d":1,"ks":{"a":1,"k":[{"o":{"x":0,"y":0},"i":{"x":0.58,"y":1},"s":[{"c":true,"i":[[0,0],[-1.02,1.82],[-1.8,1.89],[-2.27,-1.49],[0,0],[1.17,-1.23],[0.89,-1.58],[2.44,0.33],[0,0]],"o":[[-2.96,-0.39],[1.03,-1.85],[1.69,-1.78],[0,0],[1.57,1.03],[-1.33,1.4],[-0.84,1.5],[0,0],[0,0]],"v":[[3.96,11.6],[0.3,7.4],[4.57,1.53],[12.39,0.96],[12.4,0.97],[13.11,4.81],[9.66,9.55],[3.96,11.6],[3.96,11.6]]}],"t":0},{"o":{"x":0.32,"y":0},"i":{"x":0.67,"y":0},"s":[{"c":true,"i":[[0,0],[-1.02,2.85],[-1.8,2.96],[-2.27,-2.33],[0,0],[1.17,-1.93],[0.89,-2.47],[2.44,0.51],[0,0]],"o":[[-2.96,-0.62],[1.03,-2.88],[1.69,-2.78],[0,0],[1.57,1.61],[-1.33,2.19],[-0.84,2.34],[0,0],[0,0]],"v":[[3.96,18.13],[0.3,11.57],[4.57,2.4],[12.39,1.5],[12.4,1.51],[13.11,7.53],[9.66,14.92],[3.96,18.13],[3.96,18.13]]}],"t":24.00000035762787},{"s":[{"c":true,"i":[[0,0],[-1.02,1.82],[-1.8,1.89],[-2.27,-1.49],[0,0],[1.17,-1.23],[0.89,-1.58],[2.44,0.33],[0,0]],"o":[[-2.96,-0.39],[1.03,-1.85],[1.69,-1.78],[0,0],[1.57,1.03],[-1.33,1.4],[-0.84,1.5],[0,0],[0,0]],"v":[[3.96,11.6],[0.3,7.4],[4.57,1.53],[12.39,0.96],[12.4,0.97],[13.11,4.81],[9.66,9.55],[3.96,11.6],[3.96,11.6]]}],"t":48.00000071525574}]}},{"ty":"fl","c":{"a":1,"k":[{"o":{"x":0,"y":0},"i":{"x":0.58,"y":1},"s":[1,1,1],"t":0},{"o":{"x":0.32,"y":0},"i":{"x":0.67,"y":0},"s":[1,1,1],"t":24.00000035762787},{"s":[1,1,1],"t":48.00000071525574}]},"r":1,"o":{"a":1,"k":[{"o":{"x":0,"y":0},"i":{"x":0.58,"y":1},"s":[100],"t":0},{"o":{"x":0.32,"y":0},"i":{"x":0.67,"y":0},"s":[100],"t":24.00000035762787},{"s":[100],"t":48.00000071525574}]}}],"ind":8},{"ty":4,"sr":1,"st":0,"op":49.00000071525574,"ip":0,"hasMask":false,"ao":0,"ks":{"a":{"a":1,"k":[{"o":{"x":0,"y":0},"i":{"x":0.58,"y":1},"s":[44.67,18.26],"t":0},{"o":{"x":0.32,"y":0},"i":{"x":0.67,"y":0},"s":[44.67,28.54],"t":24.00000035762787},{"s":[44.67,18.26],"t":48.00000071525574}]},"s":{"a":1,"k":[{"o":{"x":0,"y":0},"i":{"x":0.58,"y":1},"s":[100,100],"t":0},{"o":{"x":0.32,"y":0},"i":{"x":0.67,"y":0},"s":[100,100],"t":24.00000035762787},{"s":[100,100],"t":48.00000071525574}]},"p":{"a":1,"k":[{"o":{"x":0,"y":0},"i":{"x":0.58,"y":1},"s":[143.22,629.61],"t":0},{"o":{"x":0.32,"y":0},"i":{"x":0.67,"y":0},"s":[169.16,62.47],"t":24.00000035762787},{"s":[143.22,629.61],"t":48.00000071525574}]},"r":{"a":1,"k":[{"o":{"x":0,"y":0},"i":{"x":0.58,"y":1},"s":[0],"t":0},{"o":{"x":0.32,"y":0},"i":{"x":0.67,"y":0},"s":[9.26],"t":24.00000035762787},{"s":[0],"t":48.00000071525574}]},"o":{"a":1,"k":[{"o":{"x":0,"y":0},"i":{"x":0.58,"y":1},"s":[100],"t":0},{"o":{"x":0.32,"y":0},"i":{"x":0.67,"y":0},"s":[100],"t":24.00000035762787},{"s":[100],"t":48.00000071525574}]}},"shapes":[{"ty":"sh","d":1,"ks":{"a":1,"k":[{"o":{"x":0,"y":0},"i":{"x":0.58,"y":1},"s":[{"c":true,"i":[[0,0],[0,0],[-2.03,1.28],[-10.27,4.89],[-24.74,4.01],[-0.58,-1.77],[2.58,-0.42],[9.61,-6.06],[1.96,1.13],[0,0]],"o":[[0,0],[-2.12,-1.23],[4.17,-2.64],[13.74,-6.54],[2.74,-0.44],[0.55,1.67],[-37.73,6.1],[-1.88,1.18],[0,0],[0,0]],"v":[[1.65,35.69],[1.64,35.68],[1.47,31.06],[23.51,19.03],[83.14,0.1],[89.23,2.53],[85.6,6.27],[8.48,35.6],[1.65,35.69],[1.65,35.69]]}],"t":0},{"o":{"x":0.32,"y":0},"i":{"x":0.67,"y":0},"s":[{"c":true,"i":[[0,0],[0,0],[-2.03,2.01],[-10.27,7.65],[-24.74,6.27],[-0.58,-2.77],[2.58,-0.65],[9.61,-9.48],[1.96,1.77],[0,0]],"o":[[0,0],[-2.12,-1.92],[4.17,-4.13],[13.74,-10.22],[2.74,-0.69],[0.55,2.6],[-37.73,9.53],[-1.88,1.85],[0,0],[0,0]],"v":[[1.65,55.79],[1.64,55.78],[1.47,48.56],[23.51,29.74],[83.14,0.15],[89.23,3.96],[85.6,9.8],[8.48,55.65],[1.65,55.79],[1.65,55.79]]}],"t":24.00000035762787},{"s":[{"c":true,"i":[[0,0],[0,0],[-2.03,1.28],[-10.27,4.89],[-24.74,4.01],[-0.58,-1.77],[2.58,-0.42],[9.61,-6.06],[1.96,1.13],[0,0]],"o":[[0,0],[-2.12,-1.23],[4.17,-2.64],[13.74,-6.54],[2.74,-0.44],[0.55,1.67],[-37.73,6.1],[-1.88,1.18],[0,0],[0,0]],"v":[[1.65,35.69],[1.64,35.68],[1.47,31.06],[23.51,19.03],[83.14,0.1],[89.23,2.53],[85.6,6.27],[8.48,35.6],[1.65,35.69],[1.65,35.69]]}],"t":48.00000071525574}]}},{"ty":"fl","c":{"a":1,"k":[{"o":{"x":0,"y":0},"i":{"x":0.58,"y":1},"s":[1,1,1],"t":0},{"o":{"x":0.32,"y":0},"i":{"x":0.67,"y":0},"s":[1,1,1],"t":24.00000035762787},{"s":[1,1,1],"t":48.00000071525574}]},"r":1,"o":{"a":1,"k":[{"o":{"x":0,"y":0},"i":{"x":0.58,"y":1},"s":[100],"t":0},{"o":{"x":0.32,"y":0},"i":{"x":0.67,"y":0},"s":[100],"t":24.00000035762787},{"s":[100],"t":48.00000071525574}]}}],"ind":9},{"ty":4,"sr":1,"st":0,"op":49.00000071525574,"ip":0,"hasMask":false,"ao":0,"ks":{"a":{"a":1,"k":[{"o":{"x":0,"y":0},"i":{"x":0.58,"y":1},"s":[188.7,45.31],"t":0},{"o":{"x":0.32,"y":0},"i":{"x":0.67,"y":0},"s":[188.7,70.83],"t":24.00000035762787},{"s":[188.7,45.31],"t":48.00000071525574}]},"s":{"a":1,"k":[{"o":{"x":0,"y":0},"i":{"x":0.58,"y":1},"s":[100,100],"t":0},{"o":{"x":0.32,"y":0},"i":{"x":0.67,"y":0},"s":[100,100],"t":24.00000035762787},{"s":[100,100],"t":48.00000071525574}]},"p":{"a":1,"k":[{"o":{"x":0,"y":0},"i":{"x":0.58,"y":1},"s":[249.7,636.31],"t":0},{"o":{"x":0.32,"y":0},"i":{"x":0.67,"y":0},"s":[272.58,89.93],"t":24.00000035762787},{"s":[249.7,636.31],"t":48.00000071525574}]},"r":{"a":1,"k":[{"o":{"x":0,"y":0},"i":{"x":0.58,"y":1},"s":[0],"t":0},{"o":{"x":0.32,"y":0},"i":{"x":0.67,"y":0},"s":[9.26],"t":24.00000035762787},{"s":[0],"t":48.00000071525574}]},"o":{"a":1,"k":[{"o":{"x":0,"y":0},"i":{"x":0.58,"y":1},"s":[100],"t":0},{"o":{"x":0.32,"y":0},"i":{"x":0.67,"y":0},"s":[100],"t":24.00000035762787},{"s":[100],"t":48.00000071525574}]}},"shapes":[{"ty":"sh","d":1,"ks":{"a":1,"k":[{"o":{"x":0,"y":0},"i":{"x":0.58,"y":1},"s":[{"c":true,"i":[[0,0],[0,0],[0,10.71],[-10.1,8.53],[-16.97,6.67],[-21.92,3.91],[-24.82,0],[-23.26,-3.86],[-17.45,-6.63],[-9.73,-8.38],[0,-9.27],[18.87,0],[0,0]],"o":[[0,0],[-18.87,0],[0,-8.36],[9.68,-8.18],[17.67,-6.95],[23.52,-4.2],[24.82,0],[22.16,3.67],[17.37,6.6],[10.23,8.82],[0,10.71],[0,0],[0,0]],"v":[[343.18,90.61],[34.22,90.61],[0,71.19],[15.45,45.37],[56.18,22.68],[115.85,6.32],[188.7,0],[261.46,5.81],[321.15,21.35],[361.98,43.92],[377.4,71.19],[343.18,90.61],[343.18,90.61]]}],"t":0},{"o":{"x":0.32,"y":0},"i":{"x":0.67,"y":0},"s":[{"c":true,"i":[[0,0],[0,0],[0,16.74],[-10.1,13.34],[-16.97,10.43],[-21.92,6.11],[-24.82,0],[-23.26,-6.03],[-17.45,-10.37],[-9.73,-13.11],[0,-14.5],[18.87,0],[0,0]],"o":[[0,0],[-18.87,0],[0,-13.06],[9.68,-12.78],[17.67,-10.86],[23.52,-6.56],[24.82,0],[22.16,5.74],[17.37,10.32],[10.23,13.78],[0,16.74],[0,0],[0,0]],"v":[[343.18,141.66],[34.22,141.66],[0,111.29],[15.45,70.93],[56.18,35.46],[115.85,9.88],[188.7,0],[261.46,9.09],[321.15,33.37],[361.98,68.67],[377.4,111.29],[343.18,141.66],[343.18,141.66]]}],"t":24.00000035762787},{"s":[{"c":true,"i":[[0,0],[0,0],[0,10.71],[-10.1,8.53],[-16.97,6.67],[-21.92,3.91],[-24.82,0],[-23.26,-3.86],[-17.45,-6.63],[-9.73,-8.38],[0,-9.27],[18.87,0],[0,0]],"o":[[0,0],[-18.87,0],[0,-8.36],[9.68,-8.18],[17.67,-6.95],[23.52,-4.2],[24.82,0],[22.16,3.67],[17.37,6.6],[10.23,8.82],[0,10.71],[0,0],[0,0]],"v":[[343.18,90.61],[34.22,90.61],[0,71.19],[15.45,45.37],[56.18,22.68],[115.85,6.32],[188.7,0],[261.46,5.81],[321.15,21.35],[361.98,43.92],[377.4,71.19],[343.18,90.61],[343.18,90.61]]}],"t":48.00000071525574}]}},{"ty":"sh","d":1,"ks":{"a":1,"k":[{"o":{"x":0,"y":0},"i":{"x":0.58,"y":1},"s":[{"c":true,"i":[[0,0],[35.66,-14.02],[0,-14.31],[-13.38,0],[0,0],[0,7.2],[32.65,12.41],[47.43,0]],"o":[[-46.44,0],[-32.21,12.66],[0,7.2],[0,0],[13.38,0],[0,-15.79],[-34.71,-13.19],[0,0]],"v":[[188.7,6.37],[61.39,28.11],[9.95,71.19],[34.22,84.24],[343.18,84.24],[367.44,71.19],[316.06,26.82],[188.7,6.37]]}],"t":0},{"o":{"x":0.32,"y":0},"i":{"x":0.67,"y":0},"s":[{"c":true,"i":[[0,0],[35.66,-21.92],[0,-22.38],[-13.38,0],[0,0],[0,11.25],[32.65,19.4],[47.43,0]],"o":[[-46.44,0],[-32.21,19.79],[0,11.25],[0,0],[13.38,0],[0,-24.69],[-34.71,-20.62],[0,0]],"v":[[188.7,9.96],[61.39,43.94],[9.95,111.29],[34.22,131.7],[343.18,131.7],[367.44,111.29],[316.06,41.93],[188.7,9.96]]}],"t":24.00000035762787},{"s":[{"c":true,"i":[[0,0],[35.66,-14.02],[0,-14.31],[-13.38,0],[0,0],[0,7.2],[32.65,12.41],[47.43,0]],"o":[[-46.44,0],[-32.21,12.66],[0,7.2],[0,0],[13.38,0],[0,-15.79],[-34.71,-13.19],[0,0]],"v":[[188.7,6.37],[61.39,28.11],[9.95,71.19],[34.22,84.24],[343.18,84.24],[367.44,71.19],[316.06,26.82],[188.7,6.37]]}],"t":48.00000071525574}]}},{"ty":"fl","c":{"a":1,"k":[{"o":{"x":0,"y":0},"i":{"x":0.58,"y":1},"s":[0,0,0],"t":0},{"o":{"x":0.32,"y":0},"i":{"x":0.67,"y":0},"s":[0,0,0],"t":24.00000035762787},{"s":[0,0,0],"t":48.00000071525574}]},"r":1,"o":{"a":1,"k":[{"o":{"x":0,"y":0},"i":{"x":0.58,"y":1},"s":[100],"t":0},{"o":{"x":0.32,"y":0},"i":{"x":0.67,"y":0},"s":[100],"t":24.00000035762787},{"s":[100],"t":48.00000071525574}]}}],"ind":10},{"ty":4,"sr":1,"st":0,"op":49.00000071525574,"ip":0,"hasMask":false,"ao":0,"ks":{"a":{"a":1,"k":[{"o":{"x":0,"y":0},"i":{"x":0.58,"y":1},"s":[183.72,10.74],"t":0},{"o":{"x":0.32,"y":0},"i":{"x":0.67,"y":0},"s":[183.72,16.79],"t":24.00000035762787},{"s":[183.72,10.74],"t":48.00000071525574}]},"s":{"a":1,"k":[{"o":{"x":0,"y":0},"i":{"x":0.58,"y":1},"s":[100,100],"t":0},{"o":{"x":0.32,"y":0},"i":{"x":0.67,"y":0},"s":[100,100],"t":24.00000035762787},{"s":[100,100],"t":48.00000071525574}]},"p":{"a":1,"k":[{"o":{"x":0,"y":0},"i":{"x":0.58,"y":1},"s":[249.7,667.69],"t":0},{"o":{"x":0.32,"y":0},"i":{"x":0.67,"y":0},"s":[264.69,138.35],"t":24.00000035762787},{"s":[249.7,667.69],"t":48.00000071525574}]},"r":{"a":1,"k":[{"o":{"x":0,"y":0},"i":{"x":0.58,"y":1},"s":[0],"t":0},{"o":{"x":0.32,"y":0},"i":{"x":0.67,"y":0},"s":[9.26],"t":24.00000035762787},{"s":[0],"t":48.00000071525574}]},"o":{"a":1,"k":[{"o":{"x":0,"y":0},"i":{"x":0.58,"y":1},"s":[100],"t":0},{"o":{"x":0.32,"y":0},"i":{"x":0.67,"y":0},"s":[100],"t":24.00000035762787},{"s":[100],"t":48.00000071525574}]}},"shapes":[{"ty":"sh","d":1,"ks":{"a":1,"k":[{"o":{"x":0,"y":0},"i":{"x":0.58,"y":1},"s":[{"c":true,"i":[[0,0],[5.29,-2.94],[8.07,0],[0,0],[0,8.97],[-0.26,1.26],[0,0],[-13.15,0],[0,0],[-5.29,2.94],[-1.18,3.15],[0,-1.75]],"o":[[0,4.48],[-5.29,2.94],[0,0],[-16.15,0],[0,-1.25],[0,0],[3.68,6.63],[0,0],[8.07,0],[3.95,-2.19],[0.4,1.74],[0,0]],"v":[[367.44,5.24],[358.88,16.72],[338.2,21.48],[29.24,21.48],[0,5.24],[0.39,1.47],[1.29,1.47],[29.24,12.92],[338.2,12.92],[358.88,8.17],[366.83,0],[367.44,5.24]]}],"t":0},{"o":{"x":0.32,"y":0},"i":{"x":0.67,"y":0},"s":[{"c":true,"i":[[0,0],[5.29,-4.59],[8.07,0],[0,0],[0,14.02],[-0.26,1.97],[0,0],[-13.15,0],[0,0],[-5.29,4.59],[-1.18,4.93],[0,-2.74]],"o":[[0,7.01],[-5.29,4.59],[0,0],[-16.15,0],[0,-1.95],[0,0],[3.68,10.37],[0,0],[8.07,0],[3.95,-3.43],[0.4,2.72],[0,0]],"v":[[367.44,8.19],[358.88,26.14],[338.2,33.58],[29.24,33.58],[0,8.19],[0.39,2.31],[1.29,2.31],[29.24,20.2],[338.2,20.2],[358.88,12.77],[366.83,0],[367.44,8.19]]}],"t":24.00000035762787},{"s":[{"c":true,"i":[[0,0],[5.29,-2.94],[8.07,0],[0,0],[0,8.97],[-0.26,1.26],[0,0],[-13.15,0],[0,0],[-5.29,2.94],[-1.18,3.15],[0,-1.75]],"o":[[0,4.48],[-5.29,2.94],[0,0],[-16.15,0],[0,-1.25],[0,0],[3.68,6.63],[0,0],[8.07,0],[3.95,-2.19],[0.4,1.74],[0,0]],"v":[[367.44,5.24],[358.88,16.72],[338.2,21.48],[29.24,21.48],[0,5.24],[0.39,1.47],[1.29,1.47],[29.24,12.92],[338.2,12.92],[358.88,8.17],[366.83,0],[367.44,5.24]]}],"t":48.00000071525574}]}},{"ty":"fl","c":{"a":1,"k":[{"o":{"x":0,"y":0},"i":{"x":0.58,"y":1},"s":[0.8392,0.4588,0.2039],"t":0},{"o":{"x":0.32,"y":0},"i":{"x":0.67,"y":0},"s":[0.8392,0.4588,0.2039],"t":24.00000035762787},{"s":[0.8392,0.4588,0.2039],"t":48.00000071525574}]},"r":1,"o":{"a":1,"k":[{"o":{"x":0,"y":0},"i":{"x":0.58,"y":1},"s":[100],"t":0},{"o":{"x":0.32,"y":0},"i":{"x":0.67,"y":0},"s":[100],"t":24.00000035762787},{"s":[100],"t":48.00000071525574}]}}],"ind":11},{"ty":4,"sr":1,"st":0,"op":49.00000071525574,"ip":0,"hasMask":false,"ao":0,"ks":{"a":{"a":1,"k":[{"o":{"x":0,"y":0},"i":{"x":0.58,"y":1},"s":[183.72,31.46],"t":0},{"o":{"x":0.32,"y":0},"i":{"x":0.67,"y":0},"s":[183.72,49.18],"t":24.00000035762787},{"s":[183.72,31.46],"t":48.00000071525574}]},"s":{"a":1,"k":[{"o":{"x":0,"y":0},"i":{"x":0.58,"y":1},"s":[100,100],"t":0},{"o":{"x":0.32,"y":0},"i":{"x":0.67,"y":0},"s":[100,100],"t":24.00000035762787},{"s":[100,100],"t":48.00000071525574}]},"p":{"a":1,"k":[{"o":{"x":0,"y":0},"i":{"x":0.58,"y":1},"s":[249.7,646.97],"t":0},{"o":{"x":0.32,"y":0},"i":{"x":0.67,"y":0},"s":[269.9,106.37],"t":24.00000035762787},{"s":[249.7,646.97],"t":48.00000071525574}]},"r":{"a":1,"k":[{"o":{"x":0,"y":0},"i":{"x":0.58,"y":1},"s":[0],"t":0},{"o":{"x":0.32,"y":0},"i":{"x":0.67,"y":0},"s":[9.26],"t":24.00000035762787},{"s":[0],"t":48.00000071525574}]},"o":{"a":1,"k":[{"o":{"x":0,"y":0},"i":{"x":0.58,"y":1},"s":[100],"t":0},{"o":{"x":0.32,"y":0},"i":{"x":0.67,"y":0},"s":[100],"t":24.00000035762787},{"s":[100],"t":48.00000071525574}]}},"shapes":[{"ty":"sh","d":1,"ks":{"a":1,"k":[{"o":{"x":0,"y":0},"i":{"x":0.58,"y":1},"s":[{"c":true,"i":[[0,0],[5.29,-2.94],[8.07,0],[0,0],[0,8.97],[-0.26,1.26],[0,0],[-5.29,2.94],[0,4.48],[10.29,8.38],[0,-17.28]],"o":[[0,4.48],[-5.29,2.94],[0,0],[-16.15,0],[0,-1.25],[0,0],[8.07,0],[5.29,-2.94],[0,-9.21],[32.6,12.59],[0,0]],"v":[[367.44,46.68],[358.88,58.16],[338.2,62.92],[29.24,62.92],[0,46.68],[0.39,42.92],[301.5,42.92],[322.18,38.16],[330.74,26.68],[314.74,0],[367.44,46.68]]}],"t":0},{"o":{"x":0.32,"y":0},"i":{"x":0.67,"y":0},"s":[{"c":true,"i":[[0,0],[5.29,-4.59],[8.07,0],[0,0],[0,14.02],[-0.26,1.97],[0,0],[-5.29,4.6],[0,7.01],[10.29,13.1],[0,-27.01]],"o":[[0,7.01],[-5.29,4.59],[0,0],[-16.15,0],[0,-1.95],[0,0],[8.07,0],[5.29,-4.59],[0,-14.4],[32.6,19.68],[0,0]],"v":[[367.44,72.98],[358.88,90.93],[338.2,98.36],[29.24,98.36],[0,72.98],[0.39,67.1],[301.5,67.1],[322.18,59.66],[330.74,41.71],[314.74,0],[367.44,72.98]]}],"t":24.00000035762787},{"s":[{"c":true,"i":[[0,0],[5.29,-2.94],[8.07,0],[0,0],[0,8.97],[-0.26,1.26],[0,0],[-5.29,2.94],[0,4.48],[10.29,8.38],[0,-17.28]],"o":[[0,4.48],[-5.29,2.94],[0,0],[-16.15,0],[0,-1.25],[0,0],[8.07,0],[5.29,-2.94],[0,-9.21],[32.6,12.59],[0,0]],"v":[[367.44,46.68],[358.88,58.16],[338.2,62.92],[29.24,62.92],[0,46.68],[0.39,42.92],[301.5,42.92],[322.18,38.16],[330.74,26.68],[314.74,0],[367.44,46.68]]}],"t":48.00000071525574}]}},{"ty":"fl","c":{"a":1,"k":[{"o":{"x":0,"y":0},"i":{"x":0.58,"y":1},"s":[1,0.651,0.4118],"t":0},{"o":{"x":0.32,"y":0},"i":{"x":0.67,"y":0},"s":[1,0.651,0.4118],"t":24.00000035762787},{"s":[1,0.651,0.4118],"t":48.00000071525574}]},"r":1,"o":{"a":1,"k":[{"o":{"x":0,"y":0},"i":{"x":0.58,"y":1},"s":[100],"t":0},{"o":{"x":0.32,"y":0},"i":{"x":0.67,"y":0},"s":[100],"t":24.00000035762787},{"s":[100],"t":48.00000071525574}]}}],"ind":12},{"ty":4,"sr":1,"st":0,"op":49.00000071525574,"ip":0,"hasMask":false,"ao":0,"ks":{"a":{"a":1,"k":[{"o":{"x":0,"y":0},"i":{"x":0.58,"y":1},"s":[183.72,42.12],"t":0},{"o":{"x":0.32,"y":0},"i":{"x":0.67,"y":0},"s":[183.72,65.85],"t":24.00000035762787},{"s":[183.72,42.12],"t":48.00000071525574}]},"s":{"a":1,"k":[{"o":{"x":0,"y":0},"i":{"x":0.58,"y":1},"s":[100,100],"t":0},{"o":{"x":0.32,"y":0},"i":{"x":0.67,"y":0},"s":[100,100],"t":24.00000035762787},{"s":[100,100],"t":48.00000071525574}]},"p":{"a":1,"k":[{"o":{"x":0,"y":0},"i":{"x":0.58,"y":1},"s":[249.7,636.31],"t":0},{"o":{"x":0.32,"y":0},"i":{"x":0.67,"y":0},"s":[272.57,89.93],"t":24.00000035762787},{"s":[249.7,636.31],"t":48.00000071525574}]},"r":{"a":1,"k":[{"o":{"x":0,"y":0},"i":{"x":0.58,"y":1},"s":[0],"t":0},{"o":{"x":0.32,"y":0},"i":{"x":0.67,"y":0},"s":[9.26],"t":24.00000035762787},{"s":[0],"t":48.00000071525574}]},"o":{"a":1,"k":[{"o":{"x":0,"y":0},"i":{"x":0.58,"y":1},"s":[100],"t":0},{"o":{"x":0.32,"y":0},"i":{"x":0.67,"y":0},"s":[100],"t":24.00000035762787},{"s":[100],"t":48.00000071525574}]}},"shapes":[{"ty":"sh","d":1,"ks":{"a":1,"k":[{"o":{"x":0,"y":0},"i":{"x":0.58,"y":1},"s":[{"c":true,"i":[[0,0],[0,0],[0,8.97],[-101.47,0],[0,-34.94],[16.15,0],[0,0]],"o":[[0,0],[-16.15,0],[0,-31.45],[101.47,0],[0,8.97],[0,0],[0,0]],"v":[[338.2,84.24],[29.24,84.24],[0,68],[183.72,0],[367.44,68],[338.2,84.24],[338.2,84.24]]}],"t":0},{"o":{"x":0.32,"y":0},"i":{"x":0.67,"y":0},"s":[{"c":true,"i":[[0,0],[0,0],[0,14.02],[-101.47,0],[0,-54.63],[16.15,0],[0,0]],"o":[[0,0],[-16.15,0],[0,-49.17],[101.47,0],[0,14.02],[0,0],[0,0]],"v":[[338.2,131.7],[29.24,131.7],[0,106.32],[183.72,0],[367.44,106.31],[338.2,131.7],[338.2,131.7]]}],"t":24.00000035762787},{"s":[{"c":true,"i":[[0,0],[0,0],[0,8.97],[-101.47,0],[0,-34.94],[16.15,0],[0,0]],"o":[[0,0],[-16.15,0],[0,-31.45],[101.47,0],[0,8.97],[0,0],[0,0]],"v":[[338.2,84.24],[29.24,84.24],[0,68],[183.72,0],[367.44,68],[338.2,84.24],[338.2,84.24]]}],"t":48.00000071525574}]}},{"ty":"fl","c":{"a":1,"k":[{"o":{"x":0,"y":0},"i":{"x":0.58,"y":1},"s":[0.9765,0.5529,0.2627],"t":0},{"o":{"x":0.32,"y":0},"i":{"x":0.67,"y":0},"s":[0.9765,0.5529,0.2627],"t":24.00000035762787},{"s":[0.9765,0.5529,0.2627],"t":48.00000071525574}]},"r":1,"o":{"a":1,"k":[{"o":{"x":0,"y":0},"i":{"x":0.58,"y":1},"s":[100],"t":0},{"o":{"x":0.32,"y":0},"i":{"x":0.67,"y":0},"s":[100],"t":24.00000035762787},{"s":[100],"t":48.00000071525574}]}}],"ind":13},{"ty":4,"sr":1,"st":0,"op":49.00000071525574,"ip":0,"hasMask":false,"ao":0,"ks":{"a":{"a":1,"k":[{"o":{"x":0,"y":0},"i":{"x":0.58,"y":1},"s":[199.04,12.73],"t":0},{"o":{"x":0.32,"y":0},"i":{"x":0.67,"y":0},"s":[199.04,19.91],"t":24.00000035762787},{"s":[199.04,12.73],"t":48.00000071525574}]},"s":{"a":1,"k":[{"o":{"x":0,"y":0},"i":{"x":0.58,"y":1},"s":[100,100],"t":0},{"o":{"x":0.32,"y":0},"i":{"x":0.67,"y":0},"s":[100,100],"t":24.00000035762787},{"s":[100,100],"t":48.00000071525574}]},"p":{"a":1,"k":[{"o":{"x":0,"y":0},"i":{"x":0.58,"y":1},"s":[250.04,687.98],"t":0},{"o":{"x":0.32,"y":0},"i":{"x":0.67,"y":0},"s":[258.03,188.8],"t":24.00000035762787},{"s":[250.04,687.98],"t":48.00000071525574}]},"r":{"a":1,"k":[{"o":{"x":0,"y":0},"i":{"x":0.58,"y":1},"s":[0],"t":0},{"o":{"x":0.32,"y":0},"i":{"x":0.67,"y":0},"s":[9.26],"t":24.00000035762787},{"s":[0],"t":48.00000071525574}]},"o":{"a":1,"k":[{"o":{"x":0,"y":0},"i":{"x":0.58,"y":1},"s":[100],"t":0},{"o":{"x":0.32,"y":0},"i":{"x":0.67,"y":0},"s":[100],"t":24.00000035762787},{"s":[100],"t":48.00000071525574}]}},"shapes":[{"ty":"sh","d":1,"ks":{"a":1,"k":[{"o":{"x":0,"y":0},"i":{"x":0.58,"y":1},"s":[{"c":true,"i":[[0,0],[0,0],[0,5.47],[0,0],[-9.35,0],[0,0],[0,-5.47],[0,0],[9.35,0]],"o":[[0,0],[-9.35,0],[0,0],[0,-5.47],[0,0],[9.35,0],[0,0],[0,5.47],[0,0]],"v":[[381.13,25.47],[16.96,25.47],[0,15.55],[0,9.92],[16.96,0],[381.13,0],[398.09,9.92],[398.09,15.55],[381.13,25.47]]}],"t":0},{"o":{"x":0.32,"y":0},"i":{"x":0.67,"y":0},"s":[{"c":true,"i":[[0,0],[0,0],[0,8.55],[0,0],[-9.35,0],[0,0],[0,-8.55],[0,0],[9.35,0]],"o":[[0,0],[-9.35,0],[0,0],[0,-8.55],[0,0],[9.35,0],[0,0],[0,8.55],[0,0]],"v":[[381.13,39.82],[16.96,39.82],[0,24.31],[0,15.51],[16.96,0],[381.13,0],[398.09,15.51],[398.09,24.31],[381.13,39.82]]}],"t":24.00000035762787},{"s":[{"c":true,"i":[[0,0],[0,0],[0,5.47],[0,0],[-9.35,0],[0,0],[0,-5.47],[0,0],[9.35,0]],"o":[[0,0],[-9.35,0],[0,0],[0,-5.47],[0,0],[9.35,0],[0,0],[0,5.47],[0,0]],"v":[[381.13,25.47],[16.96,25.47],[0,15.55],[0,9.92],[16.96,0],[381.13,0],[398.09,9.92],[398.09,15.55],[381.13,25.47]]}],"t":48.00000071525574}]}},{"ty":"sh","d":1,"ks":{"a":1,"k":[{"o":{"x":0,"y":0},"i":{"x":0.58,"y":1},"s":[{"c":true,"i":[[0,0],[0,-1.96],[0,0],[-3.35,0],[0,0],[0,1.96],[0,0],[3.35,0],[0,0]],"o":[[-3.35,0],[0,0],[0,1.96],[0,0],[3.35,0],[0,0],[0,-1.96],[0,0],[0,0]],"v":[[16.96,6.37],[10.89,9.92],[10.89,15.55],[16.96,19.1],[381.13,19.1],[387.2,15.55],[387.2,9.92],[381.13,6.37],[16.96,6.37]]}],"t":0},{"o":{"x":0.32,"y":0},"i":{"x":0.67,"y":0},"s":[{"c":true,"i":[[0,0],[0,-3.06],[0,0],[-3.35,0],[0,0],[0,3.06],[0,0],[3.35,0],[0,0]],"o":[[-3.35,0],[0,0],[0,3.06],[0,0],[3.35,0],[0,0],[0,-3.06],[0,0],[0,0]],"v":[[16.96,9.96],[10.89,15.51],[10.89,24.31],[16.96,29.86],[381.13,29.86],[387.2,24.31],[387.2,15.51],[381.13,9.96],[16.96,9.96]]}],"t":24.00000035762787},{"s":[{"c":true,"i":[[0,0],[0,-1.96],[0,0],[-3.35,0],[0,0],[0,1.96],[0,0],[3.35,0],[0,0]],"o":[[-3.35,0],[0,0],[0,1.96],[0,0],[3.35,0],[0,0],[0,-1.96],[0,0],[0,0]],"v":[[16.96,6.37],[10.89,9.92],[10.89,15.55],[16.96,19.1],[381.13,19.1],[387.2,15.55],[387.2,9.92],[381.13,6.37],[16.96,6.37]]}],"t":48.00000071525574}]}},{"ty":"fl","c":{"a":1,"k":[{"o":{"x":0,"y":0},"i":{"x":0.58,"y":1},"s":[0,0,0],"t":0},{"o":{"x":0.32,"y":0},"i":{"x":0.67,"y":0},"s":[0,0,0],"t":24.00000035762787},{"s":[0,0,0],"t":48.00000071525574}]},"r":1,"o":{"a":1,"k":[{"o":{"x":0,"y":0},"i":{"x":0.58,"y":1},"s":[100],"t":0},{"o":{"x":0.32,"y":0},"i":{"x":0.67,"y":0},"s":[100],"t":24.00000035762787},{"s":[100],"t":48.00000071525574}]}}],"ind":14},{"ty":4,"sr":1,"st":0,"op":49.00000071525574,"ip":0,"hasMask":false,"ao":0,"ks":{"a":{"a":1,"k":[{"o":{"x":0,"y":0},"i":{"x":0.58,"y":1},"s":[193.6,9.55],"t":0},{"o":{"x":0.32,"y":0},"i":{"x":0.67,"y":0},"s":[193.6,14.93],"t":24.00000035762787},{"s":[193.6,9.55],"t":48.00000071525574}]},"s":{"a":1,"k":[{"o":{"x":0,"y":0},"i":{"x":0.58,"y":1},"s":[100,100],"t":0},{"o":{"x":0.32,"y":0},"i":{"x":0.67,"y":0},"s":[100,100],"t":24.00000035762787},{"s":[100,100],"t":48.00000071525574}]},"p":{"a":1,"k":[{"o":{"x":0,"y":0},"i":{"x":0.58,"y":1},"s":[250.04,687.98],"t":0},{"o":{"x":0.32,"y":0},"i":{"x":0.67,"y":0},"s":[258.03,188.79],"t":24.00000035762787},{"s":[250.04,687.98],"t":48.00000071525574}]},"r":{"a":1,"k":[{"o":{"x":0,"y":0},"i":{"x":0.58,"y":1},"s":[0],"t":0},{"o":{"x":0.32,"y":0},"i":{"x":0.67,"y":0},"s":[9.26],"t":24.00000035762787},{"s":[0],"t":48.00000071525574}]},"o":{"a":1,"k":[{"o":{"x":0,"y":0},"i":{"x":0.58,"y":1},"s":[100],"t":0},{"o":{"x":0.32,"y":0},"i":{"x":0.67,"y":0},"s":[100],"t":24.00000035762787},{"s":[100],"t":48.00000071525574}]}},"shapes":[{"ty":"sh","d":1,"ks":{"a":1,"k":[{"o":{"x":0,"y":0},"i":{"x":0.58,"y":1},"s":[{"c":true,"i":[[0,0],[0,0],[6.33,0],[0,0],[0,3.71],[0,0],[0,0],[0,3.7],[0,0],[0,0],[0,-3.7],[0,0]],"o":[[0,0],[0,3.71],[0,0],[-6.33,0],[0,0],[0,0],[6.33,0],[0,0],[0,0],[6.33,0],[0,0],[0,0]],"v":[[387.2,6.74],[387.2,12.36],[375.69,19.1],[11.51,19.1],[0,12.36],[0,11.17],[363.1,11.17],[374.62,4.43],[374.62,0],[375.69,0],[387.2,6.74],[387.2,6.74]]}],"t":0},{"o":{"x":0.32,"y":0},"i":{"x":0.67,"y":0},"s":[{"c":true,"i":[[0,0],[0,0],[6.33,0],[0,0],[0,5.79],[0,0],[0,0],[0,5.79],[0,0],[0,0],[0,-5.79],[0,0]],"o":[[0,0],[0,5.79],[0,0],[-6.33,0],[0,0],[0,0],[6.33,0],[0,0],[0,0],[6.33,0],[0,0],[0,0]],"v":[[387.2,10.53],[387.2,19.33],[375.69,29.86],[11.51,29.86],[0,19.33],[0,17.46],[363.1,17.46],[374.62,6.93],[374.62,0],[375.69,0],[387.2,10.53],[387.2,10.53]]}],"t":24.00000035762787},{"s":[{"c":true,"i":[[0,0],[0,0],[6.33,0],[0,0],[0,3.71],[0,0],[0,0],[0,3.7],[0,0],[0,0],[0,-3.7],[0,0]],"o":[[0,0],[0,3.71],[0,0],[-6.33,0],[0,0],[0,0],[6.33,0],[0,0],[0,0],[6.33,0],[0,0],[0,0]],"v":[[387.2,6.74],[387.2,12.36],[375.69,19.1],[11.51,19.1],[0,12.36],[0,11.17],[363.1,11.17],[374.62,4.43],[374.62,0],[375.69,0],[387.2,6.74],[387.2,6.74]]}],"t":48.00000071525574}]}},{"ty":"fl","c":{"a":1,"k":[{"o":{"x":0,"y":0},"i":{"x":0.58,"y":1},"s":[0.8078,0.1725,0.051],"t":0},{"o":{"x":0.32,"y":0},"i":{"x":0.67,"y":0},"s":[0.8078,0.1725,0.051],"t":24.00000035762787},{"s":[0.8078,0.1725,0.051],"t":48.00000071525574}]},"r":1,"o":{"a":1,"k":[{"o":{"x":0,"y":0},"i":{"x":0.58,"y":1},"s":[100],"t":0},{"o":{"x":0.32,"y":0},"i":{"x":0.67,"y":0},"s":[100],"t":24.00000035762787},{"s":[100],"t":48.00000071525574}]}}],"ind":15},{"ty":4,"sr":1,"st":0,"op":49.00000071525574,"ip":0,"hasMask":false,"ao":0,"ks":{"a":{"a":1,"k":[{"o":{"x":0,"y":0},"i":{"x":0.58,"y":1},"s":[193.6,9.55],"t":0},{"o":{"x":0.32,"y":0},"i":{"x":0.67,"y":0},"s":[193.6,14.93],"t":24.00000035762787},{"s":[193.6,9.55],"t":48.00000071525574}]},"s":{"a":1,"k":[{"o":{"x":0,"y":0},"i":{"x":0.58,"y":1},"s":[100,100],"t":0},{"o":{"x":0.32,"y":0},"i":{"x":0.67,"y":0},"s":[100,100],"t":24.00000035762787},{"s":[100,100],"t":48.00000071525574}]},"p":{"a":1,"k":[{"o":{"x":0,"y":0},"i":{"x":0.58,"y":1},"s":[250.05,687.98],"t":0},{"o":{"x":0.32,"y":0},"i":{"x":0.67,"y":0},"s":[258.03,188.8],"t":24.00000035762787},{"s":[250.05,687.98],"t":48.00000071525574}]},"r":{"a":1,"k":[{"o":{"x":0,"y":0},"i":{"x":0.58,"y":1},"s":[0],"t":0},{"o":{"x":0.32,"y":0},"i":{"x":0.67,"y":0},"s":[9.26],"t":24.00000035762787},{"s":[0],"t":48.00000071525574}]},"o":{"a":1,"k":[{"o":{"x":0,"y":0},"i":{"x":0.58,"y":1},"s":[100],"t":0},{"o":{"x":0.32,"y":0},"i":{"x":0.67,"y":0},"s":[100],"t":24.00000035762787},{"s":[100],"t":48.00000071525574}]}},"shapes":[{"ty":"sh","d":1,"ks":{"a":1,"k":[{"o":{"x":0,"y":0},"i":{"x":0.58,"y":1},"s":[{"c":true,"i":[[0,0],[0,0],[0,-3.72],[0,0],[5.82,0],[0,0],[0,3.72],[0,0],[-5.82,0]],"o":[[0,0],[5.82,0],[0,0],[0,3.72],[0,0],[-5.82,0],[0,0],[0,-3.72],[0,0]],"v":[[10.53,0],[376.67,0],[387.2,6.74],[387.2,12.36],[376.67,19.1],[10.53,19.1],[0,12.36],[0,6.74],[10.53,0]]}],"t":0},{"o":{"x":0.32,"y":0},"i":{"x":0.67,"y":0},"s":[{"c":true,"i":[[0,0],[0,0],[0,-5.82],[0,0],[5.82,0],[0,0],[0,5.82],[0,0],[-5.82,0]],"o":[[0,0],[5.82,0],[0,0],[0,5.82],[0,0],[-5.82,0],[0,0],[0,-5.82],[0,0]],"v":[[10.53,0],[376.67,0],[387.2,10.53],[387.2,19.33],[376.67,29.86],[10.53,29.86],[0,19.33],[0,10.53],[10.53,0]]}],"t":24.00000035762787},{"s":[{"c":true,"i":[[0,0],[0,0],[0,-3.72],[0,0],[5.82,0],[0,0],[0,3.72],[0,0],[-5.82,0]],"o":[[0,0],[5.82,0],[0,0],[0,3.72],[0,0],[-5.82,0],[0,0],[0,-3.72],[0,0]],"v":[[10.53,0],[376.67,0],[387.2,6.74],[387.2,12.36],[376.67,19.1],[10.53,19.1],[0,12.36],[0,6.74],[10.53,0]]}],"t":48.00000071525574}]}},{"ty":"fl","c":{"a":1,"k":[{"o":{"x":0,"y":0},"i":{"x":0.58,"y":1},"s":[0.9725,0.3294,0.1569],"t":0},{"o":{"x":0.32,"y":0},"i":{"x":0.67,"y":0},"s":[0.9725,0.3294,0.1569],"t":24.00000035762787},{"s":[0.9725,0.3294,0.1569],"t":48.00000071525574}]},"r":1,"o":{"a":1,"k":[{"o":{"x":0,"y":0},"i":{"x":0.58,"y":1},"s":[100],"t":0},{"o":{"x":0.32,"y":0},"i":{"x":0.67,"y":0},"s":[100],"t":24.00000035762787},{"s":[100],"t":48.00000071525574}]}}],"ind":16},{"ty":4,"sr":1,"st":0,"op":49.00000071525574,"ip":0,"hasMask":false,"ao":0,"ks":{"a":{"a":1,"k":[{"o":{"x":0,"y":0},"i":{"x":0.58,"y":1},"s":[9.77,4.04],"t":0},{"o":{"x":0.32,"y":0},"i":{"x":0.67,"y":0},"s":[9.77,6.32],"t":24.00000035762787},{"s":[9.77,4.04],"t":48.00000071525574}]},"s":{"a":1,"k":[{"o":{"x":0,"y":0},"i":{"x":0.58,"y":1},"s":[100,100],"t":0},{"o":{"x":0.32,"y":0},"i":{"x":0.67,"y":0},"s":[100,100],"t":24.00000035762787},{"s":[100,100],"t":48.00000071525574}]},"p":{"a":1,"k":[{"o":{"x":0,"y":0},"i":{"x":0.58,"y":1},"s":[145.93,776.84],"t":0},{"o":{"x":0.32,"y":0},"i":{"x":0.67,"y":0},"s":[118.95,449.7],"t":24.00000035762787},{"s":[145.93,776.84],"t":48.00000071525574}]},"r":{"a":1,"k":[{"o":{"x":0,"y":0},"i":{"x":0.58,"y":1},"s":[0],"t":0},{"o":{"x":0.32,"y":0},"i":{"x":0.67,"y":0},"s":[9.26],"t":24.00000035762787},{"s":[0],"t":48.00000071525574}]},"o":{"a":1,"k":[{"o":{"x":0,"y":0},"i":{"x":0.58,"y":1},"s":[100],"t":0},{"o":{"x":0.32,"y":0},"i":{"x":0.67,"y":0},"s":[100],"t":24.00000035762787},{"s":[100],"t":48.00000071525574}]}},"shapes":[{"ty":"sh","d":1,"ks":{"a":1,"k":[{"o":{"x":0,"y":0},"i":{"x":0.58,"y":1},"s":[{"c":true,"i":[[0,0],[5.4,0],[0,2.23],[-5.4,0],[0,-2.23]],"o":[[0,2.23],[-5.4,0],[0,-2.23],[5.4,0],[0,0]],"v":[[19.55,4.04],[9.77,8.09],[0,4.04],[9.77,0],[19.55,4.04]]}],"t":0},{"o":{"x":0.32,"y":0},"i":{"x":0.67,"y":0},"s":[{"c":true,"i":[[0,0],[5.4,0],[0,3.49],[-5.4,0],[0,-3.49]],"o":[[0,3.49],[-5.4,0],[0,-3.49],[5.4,0],[0,0]],"v":[[19.55,6.32],[9.77,12.65],[0,6.32],[9.77,0],[19.55,6.32]]}],"t":24.00000035762787},{"s":[{"c":true,"i":[[0,0],[5.4,0],[0,2.23],[-5.4,0],[0,-2.23]],"o":[[0,2.23],[-5.4,0],[0,-2.23],[5.4,0],[0,0]],"v":[[19.55,4.04],[9.77,8.09],[0,4.04],[9.77,0],[19.55,4.04]]}],"t":48.00000071525574}]}},{"ty":"fl","c":{"a":1,"k":[{"o":{"x":0,"y":0},"i":{"x":0.58,"y":1},"s":[0.8392,0.4588,0.2039],"t":0},{"o":{"x":0.32,"y":0},"i":{"x":0.67,"y":0},"s":[0.8392,0.4588,0.2039],"t":24.00000035762787},{"s":[0.8392,0.4588,0.2039],"t":48.00000071525574}]},"r":1,"o":{"a":1,"k":[{"o":{"x":0,"y":0},"i":{"x":0.58,"y":1},"s":[100],"t":0},{"o":{"x":0.32,"y":0},"i":{"x":0.67,"y":0},"s":[100],"t":24.00000035762787},{"s":[100],"t":48.00000071525574}]}}],"ind":17},{"ty":4,"sr":1,"st":0,"op":49.00000071525574,"ip":0,"hasMask":false,"ao":0,"ks":{"a":{"a":1,"k":[{"o":{"x":0,"y":0},"i":{"x":0.58,"y":1},"s":[14.39,5.96],"t":0},{"o":{"x":0.32,"y":0},"i":{"x":0.67,"y":0},"s":[14.39,9.31],"t":24.00000035762787},{"s":[14.39,5.96],"t":48.00000071525574}]},"s":{"a":1,"k":[{"o":{"x":0,"y":0},"i":{"x":0.58,"y":1},"s":[100,100],"t":0},{"o":{"x":0.32,"y":0},"i":{"x":0.67,"y":0},"s":[100,100],"t":24.00000035762787},{"s":[100,100],"t":48.00000071525574}]},"p":{"a":1,"k":[{"o":{"x":0,"y":0},"i":{"x":0.58,"y":1},"s":[183.06,778.75],"t":0},{"o":{"x":0.32,"y":0},"i":{"x":0.67,"y":0},"s":[155.11,458.62],"t":24.00000035762787},{"s":[183.06,778.75],"t":48.00000071525574}]},"r":{"a":1,"k":[{"o":{"x":0,"y":0},"i":{"x":0.58,"y":1},"s":[0],"t":0},{"o":{"x":0.32,"y":0},"i":{"x":0.67,"y":0},"s":[9.26],"t":24.00000035762787},{"s":[0],"t":48.00000071525574}]},"o":{"a":1,"k":[{"o":{"x":0,"y":0},"i":{"x":0.58,"y":1},"s":[100],"t":0},{"o":{"x":0.32,"y":0},"i":{"x":0.67,"y":0},"s":[100],"t":24.00000035762787},{"s":[100],"t":48.00000071525574}]}},"shapes":[{"ty":"sh","d":1,"ks":{"a":1,"k":[{"o":{"x":0,"y":0},"i":{"x":0.58,"y":1},"s":[{"c":true,"i":[[0,0],[7.95,0],[0,3.29],[-7.95,0],[0,-3.29]],"o":[[0,3.29],[-7.95,0],[0,-3.29],[7.95,0],[0,0]],"v":[[28.78,5.96],[14.39,11.91],[0,5.96],[14.39,0],[28.78,5.96]]}],"t":0},{"o":{"x":0.32,"y":0},"i":{"x":0.67,"y":0},"s":[{"c":true,"i":[[0,0],[7.95,0],[0,5.14],[-7.95,0],[0,-5.14]],"o":[[0,5.14],[-7.95,0],[0,-5.14],[7.95,0],[0,0]],"v":[[28.78,9.31],[14.39,18.62],[0,9.31],[14.39,0],[28.78,9.31]]}],"t":24.00000035762787},{"s":[{"c":true,"i":[[0,0],[7.95,0],[0,3.29],[-7.95,0],[0,-3.29]],"o":[[0,3.29],[-7.95,0],[0,-3.29],[7.95,0],[0,0]],"v":[[28.78,5.96],[14.39,11.91],[0,5.96],[14.39,0],[28.78,5.96]]}],"t":48.00000071525574}]}},{"ty":"fl","c":{"a":1,"k":[{"o":{"x":0,"y":0},"i":{"x":0.58,"y":1},"s":[0.8392,0.4588,0.2039],"t":0},{"o":{"x":0.32,"y":0},"i":{"x":0.67,"y":0},"s":[0.8392,0.4588,0.2039],"t":24.00000035762787},{"s":[0.8392,0.4588,0.2039],"t":48.00000071525574}]},"r":1,"o":{"a":1,"k":[{"o":{"x":0,"y":0},"i":{"x":0.58,"y":1},"s":[100],"t":0},{"o":{"x":0.32,"y":0},"i":{"x":0.67,"y":0},"s":[100],"t":24.00000035762787},{"s":[100],"t":48.00000071525574}]}}],"ind":18},{"ty":4,"sr":1,"st":0,"op":49.00000071525574,"ip":0,"hasMask":false,"ao":0,"ks":{"a":{"a":1,"k":[{"o":{"x":0,"y":0},"i":{"x":0.58,"y":1},"s":[10.88,4.5],"t":0},{"o":{"x":0.32,"y":0},"i":{"x":0.67,"y":0},"s":[10.88,7.04],"t":24.00000035762787},{"s":[10.88,4.5],"t":48.00000071525574}]},"s":{"a":1,"k":[{"o":{"x":0,"y":0},"i":{"x":0.58,"y":1},"s":[100,100],"t":0},{"o":{"x":0.32,"y":0},"i":{"x":0.67,"y":0},"s":[100,100],"t":24.00000035762787},{"s":[100,100],"t":48.00000071525574}]},"p":{"a":1,"k":[{"o":{"x":0,"y":0},"i":{"x":0.58,"y":1},"s":[278.65,766.69],"t":0},{"o":{"x":0.32,"y":0},"i":{"x":0.67,"y":0},"s":[252.49,455.38],"t":24.00000035762787},{"s":[278.65,766.69],"t":48.00000071525574}]},"r":{"a":1,"k":[{"o":{"x":0,"y":0},"i":{"x":0.58,"y":1},"s":[0],"t":0},{"o":{"x":0.32,"y":0},"i":{"x":0.67,"y":0},"s":[9.26],"t":24.00000035762787},{"s":[0],"t":48.00000071525574}]},"o":{"a":1,"k":[{"o":{"x":0,"y":0},"i":{"x":0.58,"y":1},"s":[100],"t":0},{"o":{"x":0.32,"y":0},"i":{"x":0.67,"y":0},"s":[100],"t":24.00000035762787},{"s":[100],"t":48.00000071525574}]}},"shapes":[{"ty":"sh","d":1,"ks":{"a":1,"k":[{"o":{"x":0,"y":0},"i":{"x":0.58,"y":1},"s":[{"c":true,"i":[[0,0],[6.01,0],[0,2.49],[-6.01,0],[0,-2.49]],"o":[[0,2.49],[-6.01,0],[0,-2.49],[6.01,0],[0,0]],"v":[[21.76,4.5],[10.88,9.01],[0,4.5],[10.88,0],[21.76,4.5]]}],"t":0},{"o":{"x":0.32,"y":0},"i":{"x":0.67,"y":0},"s":[{"c":true,"i":[[0,0],[6.01,0],[0,3.89],[-6.01,0],[0,-3.89]],"o":[[0,3.89],[-6.01,0],[0,-3.89],[6.01,0],[0,0]],"v":[[21.76,7.04],[10.88,14.08],[0,7.04],[10.88,0],[21.76,7.04]]}],"t":24.00000035762787},{"s":[{"c":true,"i":[[0,0],[6.01,0],[0,2.49],[-6.01,0],[0,-2.49]],"o":[[0,2.49],[-6.01,0],[0,-2.49],[6.01,0],[0,0]],"v":[[21.76,4.5],[10.88,9.01],[0,4.5],[10.88,0],[21.76,4.5]]}],"t":48.00000071525574}]}},{"ty":"fl","c":{"a":1,"k":[{"o":{"x":0,"y":0},"i":{"x":0.58,"y":1},"s":[0.8392,0.4588,0.2039],"t":0},{"o":{"x":0.32,"y":0},"i":{"x":0.67,"y":0},"s":[0.8392,0.4588,0.2039],"t":24.00000035762787},{"s":[0.8392,0.4588,0.2039],"t":48.00000071525574}]},"r":1,"o":{"a":1,"k":[{"o":{"x":0,"y":0},"i":{"x":0.58,"y":1},"s":[100],"t":0},{"o":{"x":0.32,"y":0},"i":{"x":0.67,"y":0},"s":[100],"t":24.00000035762787},{"s":[100],"t":48.00000071525574}]}}],"ind":19},{"ty":4,"sr":1,"st":0,"op":49.00000071525574,"ip":0,"hasMask":false,"ao":0,"ks":{"a":{"a":1,"k":[{"o":{"x":0,"y":0},"i":{"x":0.58,"y":1},"s":[14.51,6.01],"t":0},{"o":{"x":0.32,"y":0},"i":{"x":0.67,"y":0},"s":[14.51,9.39],"t":24.00000035762787},{"s":[14.51,6.01],"t":48.00000071525574}]},"s":{"a":1,"k":[{"o":{"x":0,"y":0},"i":{"x":0.58,"y":1},"s":[100,100],"t":0},{"o":{"x":0.32,"y":0},"i":{"x":0.67,"y":0},"s":[100,100],"t":24.00000035762787},{"s":[100,100],"t":48.00000071525574}]},"p":{"a":1,"k":[{"o":{"x":0,"y":0},"i":{"x":0.58,"y":1},"s":[353.98,776.24],"t":0},{"o":{"x":0.32,"y":0},"i":{"x":0.67,"y":0},"s":[324.43,482.23],"t":24.00000035762787},{"s":[353.98,776.24],"t":48.00000071525574}]},"r":{"a":1,"k":[{"o":{"x":0,"y":0},"i":{"x":0.58,"y":1},"s":[0],"t":0},{"o":{"x":0.32,"y":0},"i":{"x":0.67,"y":0},"s":[9.26],"t":24.00000035762787},{"s":[0],"t":48.00000071525574}]},"o":{"a":1,"k":[{"o":{"x":0,"y":0},"i":{"x":0.58,"y":1},"s":[100],"t":0},{"o":{"x":0.32,"y":0},"i":{"x":0.67,"y":0},"s":[100],"t":24.00000035762787},{"s":[100],"t":48.00000071525574}]}},"shapes":[{"ty":"sh","d":1,"ks":{"a":1,"k":[{"o":{"x":0,"y":0},"i":{"x":0.58,"y":1},"s":[{"c":true,"i":[[0,0],[8.01,0],[0,3.32],[-8.01,0],[0,-3.32]],"o":[[0,3.32],[-8.01,0],[0,-3.32],[8.01,0],[0,0]],"v":[[29.02,6.01],[14.51,12.01],[0,6.01],[14.51,0],[29.02,6.01]]}],"t":0},{"o":{"x":0.32,"y":0},"i":{"x":0.67,"y":0},"s":[{"c":true,"i":[[0,0],[8.01,0],[0,5.18],[-8.01,0],[0,-5.18]],"o":[[0,5.18],[-8.01,0],[0,-5.18],[8.01,0],[0,0]],"v":[[29.02,9.39],[14.51,18.78],[0,9.39],[14.51,0],[29.02,9.39]]}],"t":24.00000035762787},{"s":[{"c":true,"i":[[0,0],[8.01,0],[0,3.32],[-8.01,0],[0,-3.32]],"o":[[0,3.32],[-8.01,0],[0,-3.32],[8.01,0],[0,0]],"v":[[29.02,6.01],[14.51,12.01],[0,6.01],[14.51,0],[29.02,6.01]]}],"t":48.00000071525574}]}},{"ty":"fl","c":{"a":1,"k":[{"o":{"x":0,"y":0},"i":{"x":0.58,"y":1},"s":[0.8392,0.4588,0.2039],"t":0},{"o":{"x":0.32,"y":0},"i":{"x":0.67,"y":0},"s":[0.8392,0.4588,0.2039],"t":24.00000035762787},{"s":[0.8392,0.4588,0.2039],"t":48.00000071525574}]},"r":1,"o":{"a":1,"k":[{"o":{"x":0,"y":0},"i":{"x":0.58,"y":1},"s":[100],"t":0},{"o":{"x":0.32,"y":0},"i":{"x":0.67,"y":0},"s":[100],"t":24.00000035762787},{"s":[100],"t":48.00000071525574}]}}],"ind":20},{"ty":4,"sr":1,"st":0,"op":49.00000071525574,"ip":0,"hasMask":false,"ao":0,"ks":{"a":{"a":1,"k":[{"o":{"x":0,"y":0},"i":{"x":0.58,"y":1},"s":[188.7,26.03],"t":0},{"o":{"x":0.32,"y":0},"i":{"x":0.67,"y":0},"s":[188.7,40.7],"t":24.00000035762787},{"s":[188.7,26.03],"t":48.00000071525574}]},"s":{"a":1,"k":[{"o":{"x":0,"y":0},"i":{"x":0.58,"y":1},"s":[100,100],"t":0},{"o":{"x":0.32,"y":0},"i":{"x":0.67,"y":0},"s":[100,100],"t":24.00000035762787},{"s":[100,100],"t":48.00000071525574}]},"p":{"a":1,"k":[{"o":{"x":0,"y":0},"i":{"x":0.58,"y":1},"s":[249.7,774.43],"t":0},{"o":{"x":0.32,"y":0},"i":{"x":0.67,"y":0},"s":[221.97,462.67],"t":24.00000035762787},{"s":[249.7,774.43],"t":48.00000071525574}]},"r":{"a":1,"k":[{"o":{"x":0,"y":0},"i":{"x":0.58,"y":1},"s":[0],"t":0},{"o":{"x":0.32,"y":0},"i":{"x":0.67,"y":0},"s":[9.26],"t":24.00000035762787},{"s":[0],"t":48.00000071525574}]},"o":{"a":1,"k":[{"o":{"x":0,"y":0},"i":{"x":0.58,"y":1},"s":[100],"t":0},{"o":{"x":0.32,"y":0},"i":{"x":0.67,"y":0},"s":[100],"t":24.00000035762787},{"s":[100],"t":48.00000071525574}]}},"shapes":[{"ty":"sh","d":1,"ks":{"a":1,"k":[{"o":{"x":0,"y":0},"i":{"x":0.58,"y":1},"s":[{"c":true,"i":[[0,0],[0,0],[10.91,5.82],[0.37,8.6],[0,0.34],[-6.63,3.68],[-9.01,0],[0,0],[0,-10.71],[0.06,-0.63],[30.96,0]],"o":[[0,0],[-15.06,0],[-11.17,-5.96],[-0.02,-0.35],[0,-5.28],[6.42,-3.57],[0,0],[18.87,0],[0,0.63],[-1.62,17.23],[0,0]],"v":[[319.22,52.06],[58.18,52.06],[17.91,43.04],[0.02,20.47],[0,19.42],[10.28,5.54],[34.22,0],[343.18,0],[377.4,19.42],[377.31,21.33],[319.22,52.06]]}],"t":0},{"o":{"x":0.32,"y":0},"i":{"x":0.67,"y":0},"s":[{"c":true,"i":[[0,0],[0,0],[10.91,9.1],[0.37,13.44],[0,0.54],[-6.63,5.75],[-9.01,0],[0,0],[0,-16.74],[0.06,-0.99],[30.96,0]],"o":[[0,0],[-15.06,0],[-11.17,-9.31],[-0.02,-0.55],[0,-8.25],[6.42,-5.58],[0,0],[18.87,0],[0,0.99],[-1.62,26.94],[0,0]],"v":[[319.22,81.39],[58.18,81.39],[17.91,67.28],[0.02,32],[0,30.36],[10.28,8.65],[34.22,0],[343.18,0],[377.4,30.36],[377.31,33.35],[319.22,81.39]]}],"t":24.00000035762787},{"s":[{"c":true,"i":[[0,0],[0,0],[10.91,5.82],[0.37,8.6],[0,0.34],[-6.63,3.68],[-9.01,0],[0,0],[0,-10.71],[0.06,-0.63],[30.96,0]],"o":[[0,0],[-15.06,0],[-11.17,-5.96],[-0.02,-0.35],[0,-5.28],[6.42,-3.57],[0,0],[18.87,0],[0,0.63],[-1.62,17.23],[0,0]],"v":[[319.22,52.06],[58.18,52.06],[17.91,43.04],[0.02,20.47],[0,19.42],[10.28,5.54],[34.22,0],[343.18,0],[377.4,19.42],[377.31,21.33],[319.22,52.06]]}],"t":48.00000071525574}]}},{"ty":"sh","d":1,"ks":{"a":1,"k":[{"o":{"x":0,"y":0},"i":{"x":0.58,"y":1},"s":[{"c":true,"i":[[0,0],[4.61,-2.56],[0,-3.4],[-0.01,-0.29],[-25.98,0],[0,0],[-1.3,13.88],[0,0.51],[13.38,0],[0,0],[0,0]],"o":[[-6.61,0],[-4.42,2.45],[0,0.29],[0.6,14],[0,0],[25.7,0],[0.05,-0.51],[0,-7.2],[0,0],[0,0],[0,0]],"v":[[34.22,6.37],[16.81,10.34],[9.96,19.42],[9.98,20.29],[58.18,45.69],[319.22,45.69],[367.37,20.95],[367.44,19.42],[343.17,6.37],[34.22,6.37],[34.22,6.37]]}],"t":0},{"o":{"x":0.32,"y":0},"i":{"x":0.67,"y":0},"s":[{"c":true,"i":[[0,0],[4.61,-4.01],[0,-5.32],[-0.01,-0.45],[-25.98,0],[0,0],[-1.3,21.69],[0,0.79],[13.38,0],[0,0],[0,0]],"o":[[-6.61,0],[-4.42,3.83],[0,0.45],[0.6,21.89],[0,0],[25.7,0],[0.05,-0.8],[0,-11.25],[0,0],[0,0],[0,0]],"v":[[34.22,9.95],[16.81,16.17],[9.96,30.36],[9.98,31.72],[58.18,71.43],[319.22,71.43],[367.37,32.74],[367.44,30.35],[343.17,9.95],[34.22,9.95],[34.22,9.95]]}],"t":24.00000035762787},{"s":[{"c":true,"i":[[0,0],[4.61,-2.56],[0,-3.4],[-0.01,-0.29],[-25.98,0],[0,0],[-1.3,13.88],[0,0.51],[13.38,0],[0,0],[0,0]],"o":[[-6.61,0],[-4.42,2.45],[0,0.29],[0.6,14],[0,0],[25.7,0],[0.05,-0.51],[0,-7.2],[0,0],[0,0],[0,0]],"v":[[34.22,6.37],[16.81,10.34],[9.96,19.42],[9.98,20.29],[58.18,45.69],[319.22,45.69],[367.37,20.95],[367.44,19.42],[343.17,6.37],[34.22,6.37],[34.22,6.37]]}],"t":48.00000071525574}]}},{"ty":"fl","c":{"a":1,"k":[{"o":{"x":0,"y":0},"i":{"x":0.58,"y":1},"s":[0,0,0],"t":0},{"o":{"x":0.32,"y":0},"i":{"x":0.67,"y":0},"s":[0,0,0],"t":24.00000035762787},{"s":[0,0,0],"t":48.00000071525574}]},"r":1,"o":{"a":1,"k":[{"o":{"x":0,"y":0},"i":{"x":0.58,"y":1},"s":[100],"t":0},{"o":{"x":0.32,"y":0},"i":{"x":0.67,"y":0},"s":[100],"t":24.00000035762787},{"s":[100],"t":48.00000071525574}]}}],"ind":21},{"ty":4,"sr":1,"st":0,"op":49.00000071525574,"ip":0,"hasMask":false,"ao":0,"ks":{"a":{"a":1,"k":[{"o":{"x":0,"y":0},"i":{"x":0.58,"y":1},"s":[183.28,22.77],"t":0},{"o":{"x":0.32,"y":0},"i":{"x":0.67,"y":0},"s":[183.28,35.59],"t":24.00000035762787},{"s":[183.28,22.77],"t":48.00000071525574}]},"s":{"a":1,"k":[{"o":{"x":0,"y":0},"i":{"x":0.58,"y":1},"s":[100,100],"t":0},{"o":{"x":0.32,"y":0},"i":{"x":0.67,"y":0},"s":[100,100],"t":24.00000035762787},{"s":[100,100],"t":48.00000071525574}]},"p":{"a":1,"k":[{"o":{"x":0,"y":0},"i":{"x":0.58,"y":1},"s":[250.14,774.51],"t":0},{"o":{"x":0.32,"y":0},"i":{"x":0.67,"y":0},"s":[222.38,462.86],"t":24.00000035762787},{"s":[250.14,774.51],"t":48.00000071525574}]},"r":{"a":1,"k":[{"o":{"x":0,"y":0},"i":{"x":0.58,"y":1},"s":[0],"t":0},{"o":{"x":0.32,"y":0},"i":{"x":0.67,"y":0},"s":[9.26],"t":24.00000035762787},{"s":[0],"t":48.00000071525574}]},"o":{"a":1,"k":[{"o":{"x":0,"y":0},"i":{"x":0.58,"y":1},"s":[100],"t":0},{"o":{"x":0.32,"y":0},"i":{"x":0.67,"y":0},"s":[100],"t":24.00000035762787},{"s":[100],"t":48.00000071525574}]}},"shapes":[{"ty":"sh","d":1,"ks":{"a":1,"k":[{"o":{"x":0,"y":0},"i":{"x":0.58,"y":1},"s":[{"c":true,"i":[[0,0],[0.05,-0.58],[28.12,0],[0,0],[4.57,13.67],[-10.04,0],[0,0],[-3.09,14.69],[0,-8.19]],"o":[[0,0.57],[-1.47,15.59],[0,0],[-25.83,0],[8.07,2.7],[0,0],[26.99,0],[14.2,1.11],[0,0]],"v":[[366.56,16.07],[366.48,17.79],[313.36,45.53],[52.32,45.53],[0,21.63],[27.57,25.87],[288.61,25.87],[341.45,0],[366.56,16.07]]}],"t":0},{"o":{"x":0.32,"y":0},"i":{"x":0.67,"y":0},"s":[{"c":true,"i":[[0,0],[0.05,-0.9],[28.12,0],[0,0],[4.57,21.37],[-10.04,0],[0,0],[-3.09,22.96],[0,-12.8]],"o":[[0,0.89],[-1.47,24.38],[0,0],[-25.83,0],[8.07,4.21],[0,0],[26.99,0],[14.2,1.74],[0,0]],"v":[[366.56,25.13],[366.48,27.82],[313.36,71.18],[52.32,71.18],[0,33.81],[27.57,40.44],[288.61,40.44],[341.45,0],[366.56,25.13]]}],"t":24.00000035762787},{"s":[{"c":true,"i":[[0,0],[0.05,-0.58],[28.12,0],[0,0],[4.57,13.67],[-10.04,0],[0,0],[-3.09,14.69],[0,-8.19]],"o":[[0,0.57],[-1.47,15.59],[0,0],[-25.83,0],[8.07,2.7],[0,0],[26.99,0],[14.2,1.11],[0,0]],"v":[[366.56,16.07],[366.48,17.79],[313.36,45.53],[52.32,45.53],[0,21.63],[27.57,25.87],[288.61,25.87],[341.45,0],[366.56,16.07]]}],"t":48.00000071525574}]}},{"ty":"fl","c":{"a":1,"k":[{"o":{"x":0,"y":0},"i":{"x":0.58,"y":1},"s":[0.8392,0.4588,0.2039],"t":0},{"o":{"x":0.32,"y":0},"i":{"x":0.67,"y":0},"s":[0.8392,0.4588,0.2039],"t":24.00000035762787},{"s":[0.8392,0.4588,0.2039],"t":48.00000071525574}]},"r":1,"o":{"a":1,"k":[{"o":{"x":0,"y":0},"i":{"x":0.58,"y":1},"s":[100],"t":0},{"o":{"x":0.32,"y":0},"i":{"x":0.67,"y":0},"s":[100],"t":24.00000035762787},{"s":[100],"t":48.00000071525574}]}}],"ind":22},{"ty":4,"sr":1,"st":0,"op":49.00000071525574,"ip":0,"hasMask":false,"ao":0,"ks":{"a":{"a":1,"k":[{"o":{"x":0,"y":0},"i":{"x":0.58,"y":1},"s":[181.91,5.3],"t":0},{"o":{"x":0.32,"y":0},"i":{"x":0.67,"y":0},"s":[181.91,8.29],"t":24.00000035762787},{"s":[181.91,5.3],"t":48.00000071525574}]},"s":{"a":1,"k":[{"o":{"x":0,"y":0},"i":{"x":0.58,"y":1},"s":[100,100],"t":0},{"o":{"x":0.32,"y":0},"i":{"x":0.67,"y":0},"s":[100,100],"t":24.00000035762787},{"s":[100,100],"t":48.00000071525574}]},"p":{"a":1,"k":[{"o":{"x":0,"y":0},"i":{"x":0.58,"y":1},"s":[249.7,756.88],"t":0},{"o":{"x":0.32,"y":0},"i":{"x":0.67,"y":0},"s":[226.38,435.59],"t":24.00000035762787},{"s":[249.7,756.88],"t":48.00000071525574}]},"r":{"a":1,"k":[{"o":{"x":0,"y":0},"i":{"x":0.58,"y":1},"s":[0],"t":0},{"o":{"x":0.32,"y":0},"i":{"x":0.67,"y":0},"s":[9.26],"t":24.00000035762787},{"s":[0],"t":48.00000071525574}]},"o":{"a":1,"k":[{"o":{"x":0,"y":0},"i":{"x":0.58,"y":1},"s":[100],"t":0},{"o":{"x":0.32,"y":0},"i":{"x":0.67,"y":0},"s":[100],"t":24.00000035762787},{"s":[100],"t":48.00000071525574}]}},"shapes":[{"ty":"sh","d":1,"ks":{"a":1,"k":[{"o":{"x":0,"y":0},"i":{"x":0.58,"y":1},"s":[{"c":true,"i":[[0,0],[0,0],[-2.95,1.64],[-8.07,0],[0,0],[-4.13,-6.19]],"o":[[0,0],[1.47,-2.22],[5.29,-2.94],[0,0],[12.58,0],[0,0]],"v":[[363.82,10.6],[0,10.6],[6.75,4.76],[27.43,0],[336.39,0],[363.82,10.6]]}],"t":0},{"o":{"x":0.32,"y":0},"i":{"x":0.67,"y":0},"s":[{"c":true,"i":[[0,0],[0,0],[-2.95,2.56],[-8.07,0],[0,0],[-4.13,-9.67]],"o":[[0,0],[1.47,-3.47],[5.29,-4.6],[0,0],[12.58,0],[0,0]],"v":[[363.82,16.57],[0,16.57],[6.75,7.44],[27.43,0],[336.39,0],[363.82,16.57]]}],"t":24.00000035762787},{"s":[{"c":true,"i":[[0,0],[0,0],[-2.95,1.64],[-8.07,0],[0,0],[-4.13,-6.19]],"o":[[0,0],[1.47,-2.22],[5.29,-2.94],[0,0],[12.58,0],[0,0]],"v":[[363.82,10.6],[0,10.6],[6.75,4.76],[27.43,0],[336.39,0],[363.82,10.6]]}],"t":48.00000071525574}]}},{"ty":"fl","c":{"a":1,"k":[{"o":{"x":0,"y":0},"i":{"x":0.58,"y":1},"s":[1,0.651,0.4118],"t":0},{"o":{"x":0.32,"y":0},"i":{"x":0.67,"y":0},"s":[1,0.651,0.4118],"t":24.00000035762787},{"s":[1,0.651,0.4118],"t":48.00000071525574}]},"r":1,"o":{"a":1,"k":[{"o":{"x":0,"y":0},"i":{"x":0.58,"y":1},"s":[100],"t":0},{"o":{"x":0.32,"y":0},"i":{"x":0.67,"y":0},"s":[100],"t":24.00000035762787},{"s":[100],"t":48.00000071525574}]}}],"ind":23},{"ty":4,"sr":1,"st":0,"op":49.00000071525574,"ip":0,"hasMask":false,"ao":0,"ks":{"a":{"a":1,"k":[{"o":{"x":0,"y":0},"i":{"x":0.58,"y":1},"s":[183.72,22.85],"t":0},{"o":{"x":0.32,"y":0},"i":{"x":0.67,"y":0},"s":[183.72,35.72],"t":24.00000035762787},{"s":[183.72,22.85],"t":48.00000071525574}]},"s":{"a":1,"k":[{"o":{"x":0,"y":0},"i":{"x":0.58,"y":1},"s":[100,100],"t":0},{"o":{"x":0.32,"y":0},"i":{"x":0.67,"y":0},"s":[100,100],"t":24.00000035762787},{"s":[100,100],"t":48.00000071525574}]},"p":{"a":1,"k":[{"o":{"x":0,"y":0},"i":{"x":0.58,"y":1},"s":[249.7,774.43],"t":0},{"o":{"x":0.32,"y":0},"i":{"x":0.67,"y":0},"s":[221.97,462.67],"t":24.00000035762787},{"s":[249.7,774.43],"t":48.00000071525574}]},"r":{"a":1,"k":[{"o":{"x":0,"y":0},"i":{"x":0.58,"y":1},"s":[0],"t":0},{"o":{"x":0.32,"y":0},"i":{"x":0.67,"y":0},"s":[9.26],"t":24.00000035762787},{"s":[0],"t":48.00000071525574}]},"o":{"a":1,"k":[{"o":{"x":0,"y":0},"i":{"x":0.58,"y":1},"s":[100],"t":0},{"o":{"x":0.32,"y":0},"i":{"x":0.67,"y":0},"s":[100],"t":24.00000035762787},{"s":[100],"t":48.00000071525574}]}},"shapes":[{"ty":"sh","d":1,"ks":{"a":1,"k":[{"o":{"x":0,"y":0},"i":{"x":0.58,"y":1},"s":[{"c":true,"i":[[0,0],[0.06,-0.58],[28.12,0],[0,0],[0.68,15.91],[0,0.32],[-1.17,1.76],[-2.95,1.64],[-8.07,0],[0,0],[-4.13,-6.19],[0,-1.98]],"o":[[0,0.57],[-1.46,15.59],[0,0],[-28.65,0],[-0.01,-0.32],[0,-1.98],[1.47,-2.22],[5.29,-2.94],[0,0],[12.58,0],[1.17,1.76],[0,0]],"v":[[367.44,16.24],[367.36,17.96],[314.24,45.69],[53.2,45.69],[0.02,17.2],[0,16.24],[1.81,10.6],[8.56,4.76],[29.24,0],[338.2,0],[365.63,10.6],[367.44,16.24]]}],"t":0},{"o":{"x":0.32,"y":0},"i":{"x":0.67,"y":0},"s":[{"c":true,"i":[[0,0],[0.06,-0.9],[28.12,0],[0,0],[0.68,24.87],[0,0.5],[-1.17,2.74],[-2.95,2.56],[-8.07,0],[0,0],[-4.13,-9.67],[0,-3.1]],"o":[[0,0.89],[-1.46,24.38],[0,0],[-28.65,0],[-0.01,-0.5],[0,-3.1],[1.47,-3.47],[5.29,-4.6],[0,0],[12.58,0],[1.17,2.74],[0,0]],"v":[[367.44,25.39],[367.36,28.07],[314.24,71.44],[53.2,71.44],[0.02,26.89],[0,25.39],[1.81,16.57],[8.56,7.44],[29.24,0],[338.2,0],[365.63,16.57],[367.44,25.39]]}],"t":24.00000035762787},{"s":[{"c":true,"i":[[0,0],[0.06,-0.58],[28.12,0],[0,0],[0.68,15.91],[0,0.32],[-1.17,1.76],[-2.95,1.64],[-8.07,0],[0,0],[-4.13,-6.19],[0,-1.98]],"o":[[0,0.57],[-1.46,15.59],[0,0],[-28.65,0],[-0.01,-0.32],[0,-1.98],[1.47,-2.22],[5.29,-2.94],[0,0],[12.58,0],[1.17,1.76],[0,0]],"v":[[367.44,16.24],[367.36,17.96],[314.24,45.69],[53.2,45.69],[0.02,17.2],[0,16.24],[1.81,10.6],[8.56,4.76],[29.24,0],[338.2,0],[365.63,10.6],[367.44,16.24]]}],"t":48.00000071525574}]}},{"ty":"fl","c":{"a":1,"k":[{"o":{"x":0,"y":0},"i":{"x":0.58,"y":1},"s":[0.9765,0.5529,0.2627],"t":0},{"o":{"x":0.32,"y":0},"i":{"x":0.67,"y":0},"s":[0.9765,0.5529,0.2627],"t":24.00000035762787},{"s":[0.9765,0.5529,0.2627],"t":48.00000071525574}]},"r":1,"o":{"a":1,"k":[{"o":{"x":0,"y":0},"i":{"x":0.58,"y":1},"s":[100],"t":0},{"o":{"x":0.32,"y":0},"i":{"x":0.67,"y":0},"s":[100],"t":24.00000035762787},{"s":[100],"t":48.00000071525574}]}}],"ind":24},{"ty":4,"sr":1,"st":0,"op":49.00000071525574,"ip":0,"hasMask":false,"ao":0,"ks":{"a":{"a":1,"k":[{"o":{"x":0,"y":0},"i":{"x":0.58,"y":1},"s":[188.56,14.78],"t":0},{"o":{"x":0.32,"y":0},"i":{"x":0.67,"y":0},"s":[188.56,23.11],"t":24.00000035762787},{"s":[188.56,14.78],"t":48.00000071525574}]},"s":{"a":1,"k":[{"o":{"x":0,"y":0},"i":{"x":0.58,"y":1},"s":[100,100],"t":0},{"o":{"x":0.32,"y":0},"i":{"x":0.67,"y":0},"s":[100,100],"t":24.00000035762787},{"s":[100,100],"t":48.00000071525574}]},"p":{"a":1,"k":[{"o":{"x":0,"y":0},"i":{"x":0.58,"y":1},"s":[249.56,709.12],"t":0},{"o":{"x":0.32,"y":0},"i":{"x":0.67,"y":0},"s":[248.81,255.75],"t":24.00000035762787},{"s":[249.56,709.12],"t":48.00000071525574}]},"r":{"a":1,"k":[{"o":{"x":0,"y":0},"i":{"x":0.58,"y":1},"s":[0],"t":0},{"o":{"x":0.32,"y":0},"i":{"x":0.67,"y":0},"s":[9.26],"t":24.00000035762787},{"s":[0],"t":48.00000071525574}]},"o":{"a":1,"k":[{"o":{"x":0,"y":0},"i":{"x":0.58,"y":1},"s":[100],"t":0},{"o":{"x":0.32,"y":0},"i":{"x":0.67,"y":0},"s":[100],"t":24.00000035762787},{"s":[100],"t":48.00000071525574}]}},"shapes":[{"ty":"sh","d":1,"ks":{"a":1,"k":[{"o":{"x":0,"y":0},"i":{"x":0.58,"y":1},"s":[{"c":true,"i":[[0,0],[8.27,4.78],[0,0],[19.78,0],[8.27,4.78],[0,0],[19.78,0],[8.27,4.78],[0,0],[19.78,0],[9.24,2.33],[0,4.49],[-0.02,0.19],[0,0.19],[0,0],[-6.14,0],[0,0],[0,-4.49],[0,0],[0.02,-0.21],[0,-0.19],[10.7,-2.7],[12.87,0],[0,0]],"o":[[-19.78,0],[0,0],[-8.27,4.78],[-19.78,0],[0,0],[-8.27,4.78],[-19.78,0],[0,0],[-8.27,4.78],[-12.87,0],[-10.7,-2.7],[0,-0.19],[-0.02,-0.21],[0,0],[0,-4.49],[0,0],[6.14,0],[0,0],[0,0.19],[0.02,0.19],[0,4.49],[-9.24,2.33],[0,0],[0,0]],"v":[[326.25,29.56],[280.8,21.76],[279.9,21.76],[234.45,29.56],[189,21.76],[188.11,21.76],[142.66,29.56],[97.21,21.76],[96.32,21.76],[50.87,29.56],[16.59,25.94],[0,14.78],[0.03,14.21],[0,13.61],[0,8.15],[11.14,0],[365.97,0],[377.11,8.15],[377.11,13.61],[377.08,14.21],[377.11,14.78],[360.52,25.94],[326.24,29.56],[326.25,29.56]]}],"t":0},{"o":{"x":0.32,"y":0},"i":{"x":0.67,"y":0},"s":[{"c":true,"i":[[0,0],[8.27,7.47],[0,0],[19.78,0],[8.27,7.47],[0,0],[19.78,0],[8.27,7.47],[0,0],[19.78,0],[9.24,3.65],[0,7.03],[-0.02,0.3],[0,0.3],[0,0],[-6.14,0],[0,0],[0,-7.02],[0,0],[0.02,-0.33],[0,-0.29],[10.7,-4.23],[12.87,0],[0,0]],"o":[[-19.78,0],[0,0],[-8.27,7.47],[-19.78,0],[0,0],[-8.27,7.47],[-19.78,0],[0,0],[-8.27,7.47],[-12.87,0],[-10.7,-4.23],[0,-0.29],[-0.02,-0.33],[0,0],[0,-7.02],[0,0],[6.14,0],[0,0],[0,0.3],[0.02,0.3],[0,7.03],[-9.24,3.65],[0,0],[0,0]],"v":[[326.25,46.21],[280.8,34.01],[279.9,34.01],[234.45,46.21],[189,34.01],[188.11,34.01],[142.66,46.21],[97.21,34.01],[96.32,34.01],[50.87,46.21],[16.59,40.56],[0,23.11],[0.03,22.21],[0,21.27],[0,12.74],[11.14,0],[365.97,0],[377.11,12.74],[377.11,21.27],[377.08,22.21],[377.11,23.1],[360.52,40.55],[326.24,46.21],[326.25,46.21]]}],"t":24.00000035762787},{"s":[{"c":true,"i":[[0,0],[8.27,4.78],[0,0],[19.78,0],[8.27,4.78],[0,0],[19.78,0],[8.27,4.78],[0,0],[19.78,0],[9.24,2.33],[0,4.49],[-0.02,0.19],[0,0.19],[0,0],[-6.14,0],[0,0],[0,-4.49],[0,0],[0.02,-0.21],[0,-0.19],[10.7,-2.7],[12.87,0],[0,0]],"o":[[-19.78,0],[0,0],[-8.27,4.78],[-19.78,0],[0,0],[-8.27,4.78],[-19.78,0],[0,0],[-8.27,4.78],[-12.87,0],[-10.7,-2.7],[0,-0.19],[-0.02,-0.21],[0,0],[0,-4.49],[0,0],[6.14,0],[0,0],[0,0.19],[0.02,0.19],[0,4.49],[-9.24,2.33],[0,0],[0,0]],"v":[[326.25,29.56],[280.8,21.76],[279.9,21.76],[234.45,29.56],[189,21.76],[188.11,21.76],[142.66,29.56],[97.21,21.76],[96.32,21.76],[50.87,29.56],[16.59,25.94],[0,14.78],[0.03,14.21],[0,13.61],[0,8.15],[11.14,0],[365.97,0],[377.11,8.15],[377.11,13.61],[377.08,14.21],[377.11,14.78],[360.52,25.94],[326.24,29.56],[326.25,29.56]]}],"t":48.00000071525574}]}},{"ty":"sh","d":1,"ks":{"a":1,"k":[{"o":{"x":0,"y":0},"i":{"x":0.58,"y":1},"s":[{"c":true,"i":[[0,0],[0,0],[0,0],[-19.99,0],[-8.1,2.05],[0,1.31],[0.01,0.07],[0,0],[0,0],[0,0.08],[0,0],[0.29,0.04],[0,0],[0,-1.12],[0,0],[-0.02,-0.12],[0,0],[0,0],[0,-0.05],[-7.11,-1.8],[-11.65,0],[-4.57,3.34],[0,0],[0,0],[0,0],[-19.99,0],[-4.57,3.34],[0,0],[0,0],[0,0],[-19.99,0],[-4.57,3.34],[0,0],[0,0]],"o":[[0,0],[0,0],[4.57,3.34],[11.65,0],[7.11,-1.8],[0,-0.05],[0,0],[0,0],[0.02,-0.12],[0,0],[0,-1.12],[0,0],[-0.27,0.04],[0,0],[0,0.08],[0,0],[0,0],[-0.01,0.06],[0,1.31],[8.1,2.05],[19.99,0],[0,0],[0,0],[0,0],[4.57,3.34],[19.99,0],[0,0],[0,0],[0,0],[4.57,3.34],[19.99,0],[0,0],[0,0],[0,0]],"v":[[275.58,15.39],[285.12,15.39],[286.61,16.47],[326.25,23.19],[356.87,20.02],[367.16,14.78],[367.14,14.6],[367.08,14.26],[367.13,13.91],[367.16,13.61],[367.16,8.15],[365.96,6.37],[11.15,6.37],[9.96,8.15],[9.96,13.61],[9.99,13.91],[10.05,14.26],[9.98,14.61],[9.96,14.78],[20.26,20.02],[50.88,23.19],[90.52,16.47],[92,15.39],[101.54,15.39],[103.03,16.47],[142.67,23.19],[182.3,16.47],[183.79,15.39],[193.33,15.39],[194.82,16.47],[234.45,23.19],[274.09,16.47],[275.58,15.39],[275.58,15.39]]}],"t":0},{"o":{"x":0.32,"y":0},"i":{"x":0.67,"y":0},"s":[{"c":true,"i":[[0,0],[0,0],[0,0],[-19.99,0],[-8.1,3.2],[0,2.05],[0.01,0.1],[0,0],[0,0],[0,0.12],[0,0],[0.29,0.07],[0,0],[0,-1.75],[0,0],[-0.02,-0.19],[0,0],[0,0],[0,-0.08],[-7.11,-2.81],[-11.65,0],[-4.57,5.22],[0,0],[0,0],[0,0],[-19.99,0],[-4.57,5.22],[0,0],[0,0],[0,0],[-19.99,0],[-4.57,5.22],[0,0],[0,0]],"o":[[0,0],[0,0],[4.57,5.22],[11.65,0],[7.11,-2.81],[0,-0.08],[0,0],[0,0],[0.02,-0.19],[0,0],[0,-1.75],[0,0],[-0.27,0.07],[0,0],[0,0.12],[0,0],[0,0],[-0.01,0.1],[0,2.05],[8.1,3.2],[19.99,0],[0,0],[0,0],[0,0],[4.57,5.22],[19.99,0],[0,0],[0,0],[0,0],[4.57,5.22],[19.99,0],[0,0],[0,0],[0,0]],"v":[[275.58,24.05],[285.12,24.05],[286.61,25.75],[326.25,36.25],[356.87,31.29],[367.16,23.11],[367.14,22.83],[367.08,22.29],[367.13,21.75],[367.16,21.28],[367.16,12.74],[365.96,9.96],[11.15,9.96],[9.96,12.74],[9.96,21.28],[9.99,21.75],[10.05,22.29],[9.98,22.84],[9.96,23.11],[20.26,31.3],[50.88,36.26],[90.52,25.76],[92,24.06],[101.54,24.06],[103.03,25.76],[142.67,36.26],[182.3,25.76],[183.79,24.06],[193.33,24.06],[194.82,25.76],[234.45,36.26],[274.09,25.76],[275.58,24.06],[275.58,24.05]]}],"t":24.00000035762787},{"s":[{"c":true,"i":[[0,0],[0,0],[0,0],[-19.99,0],[-8.1,2.05],[0,1.31],[0.01,0.07],[0,0],[0,0],[0,0.08],[0,0],[0.29,0.04],[0,0],[0,-1.12],[0,0],[-0.02,-0.12],[0,0],[0,0],[0,-0.05],[-7.11,-1.8],[-11.65,0],[-4.57,3.34],[0,0],[0,0],[0,0],[-19.99,0],[-4.57,3.34],[0,0],[0,0],[0,0],[-19.99,0],[-4.57,3.34],[0,0],[0,0]],"o":[[0,0],[0,0],[4.57,3.34],[11.65,0],[7.11,-1.8],[0,-0.05],[0,0],[0,0],[0.02,-0.12],[0,0],[0,-1.12],[0,0],[-0.27,0.04],[0,0],[0,0.08],[0,0],[0,0],[-0.01,0.06],[0,1.31],[8.1,2.05],[19.99,0],[0,0],[0,0],[0,0],[4.57,3.34],[19.99,0],[0,0],[0,0],[0,0],[4.57,3.34],[19.99,0],[0,0],[0,0],[0,0]],"v":[[275.58,15.39],[285.12,15.39],[286.61,16.47],[326.25,23.19],[356.87,20.02],[367.16,14.78],[367.14,14.6],[367.08,14.26],[367.13,13.91],[367.16,13.61],[367.16,8.15],[365.96,6.37],[11.15,6.37],[9.96,8.15],[9.96,13.61],[9.99,13.91],[10.05,14.26],[9.98,14.61],[9.96,14.78],[20.26,20.02],[50.88,23.19],[90.52,16.47],[92,15.39],[101.54,15.39],[103.03,16.47],[142.67,23.19],[182.3,16.47],[183.79,15.39],[193.33,15.39],[194.82,16.47],[234.45,23.19],[274.09,16.47],[275.58,15.39],[275.58,15.39]]}],"t":48.00000071525574}]}},{"ty":"fl","c":{"a":1,"k":[{"o":{"x":0,"y":0},"i":{"x":0.58,"y":1},"s":[0,0,0],"t":0},{"o":{"x":0.32,"y":0},"i":{"x":0.67,"y":0},"s":[0,0,0],"t":24.00000035762787},{"s":[0,0,0],"t":48.00000071525574}]},"r":1,"o":{"a":1,"k":[{"o":{"x":0,"y":0},"i":{"x":0.58,"y":1},"s":[100],"t":0},{"o":{"x":0.32,"y":0},"i":{"x":0.67,"y":0},"s":[100],"t":24.00000035762787},{"s":[100],"t":48.00000071525574}]}}],"ind":25},{"ty":4,"sr":1,"st":0,"op":49.00000071525574,"ip":0,"hasMask":false,"ao":0,"ks":{"a":{"a":1,"k":[{"o":{"x":0,"y":0},"i":{"x":0.58,"y":1},"s":[183.58,11.55],"t":0},{"o":{"x":0.32,"y":0},"i":{"x":0.67,"y":0},"s":[183.58,18.05],"t":24.00000035762787},{"s":[183.58,11.55],"t":48.00000071525574}]},"s":{"a":1,"k":[{"o":{"x":0,"y":0},"i":{"x":0.58,"y":1},"s":[100,100],"t":0},{"o":{"x":0.32,"y":0},"i":{"x":0.67,"y":0},"s":[100,100],"t":24.00000035762787},{"s":[100,100],"t":48.00000071525574}]},"p":{"a":1,"k":[{"o":{"x":0,"y":0},"i":{"x":0.58,"y":1},"s":[249.56,709.17],"t":0},{"o":{"x":0.32,"y":0},"i":{"x":0.67,"y":0},"s":[248.8,255.82],"t":24.00000035762787},{"s":[249.56,709.17],"t":48.00000071525574}]},"r":{"a":1,"k":[{"o":{"x":0,"y":0},"i":{"x":0.58,"y":1},"s":[0],"t":0},{"o":{"x":0.32,"y":0},"i":{"x":0.67,"y":0},"s":[9.26],"t":24.00000035762787},{"s":[0],"t":48.00000071525574}]},"o":{"a":1,"k":[{"o":{"x":0,"y":0},"i":{"x":0.58,"y":1},"s":[100],"t":0},{"o":{"x":0.32,"y":0},"i":{"x":0.67,"y":0},"s":[100],"t":24.00000035762787},{"s":[100],"t":48.00000071525574}]}},"shapes":[{"ty":"sh","d":1,"ks":{"a":1,"k":[{"o":{"x":0,"y":0},"i":{"x":0.58,"y":1},"s":[{"c":true,"i":[[0,0],[0.03,-0.2],[0,-0.19],[25.35,0],[6.22,4.54],[0,0],[20.09,0],[6.22,4.54],[0,0],[20.09,0],[6.22,4.54],[0,0],[20.09,0],[0,6.4],[-0.03,0.18],[0,0.21],[0,0],[-17.86,0],[-6.22,4.54],[0,0],[-20.09,0],[-6.22,4.54],[0,0],[-20.09,0],[-6.21,4.54],[0,0],[-20.09,0],[0,6.4],[0.03,0.18],[0,0.21],[0,0],[0,-2.4],[0,0]],"o":[[0,0.21],[0.03,0.18],[0,6.4],[-20.09,0],[0,0],[-6.21,4.54],[-20.09,0],[0,0],[-6.22,4.54],[-20.09,0],[0,0],[-6.22,4.54],[-25.35,0],[0,-0.19],[-0.03,-0.2],[0,0],[7.58,3.76],[20.09,0],[0,0],[6.22,4.54],[20.09,0],[0,0],[6.21,4.54],[20.09,0],[0,0],[6.22,4.54],[25.35,0],[0,-0.19],[0.03,-0.2],[0,0],[2.83,0.45],[0,0],[0,0]],"v":[[367.16,10.33],[367.1,10.95],[367.16,11.5],[321.26,23.09],[277.88,15.29],[272.85,15.29],[229.47,23.09],[186.09,15.29],[181.07,15.29],[137.68,23.09],[94.3,15.29],[89.28,15.29],[45.89,23.09],[0,11.5],[0.05,10.95],[0,10.33],[0,8.35],[40.92,14.69],[84.3,6.88],[89.32,6.88],[132.71,14.69],[176.09,6.88],[181.11,6.88],[224.49,14.69],[267.88,6.88],[272.9,6.88],[316.28,14.69],[362.18,3.09],[362.12,2.54],[362.18,1.92],[362.18,0],[367.16,4.87],[367.16,10.33]]}],"t":0},{"o":{"x":0.32,"y":0},"i":{"x":0.67,"y":0},"s":[{"c":true,"i":[[0,0],[0.03,-0.32],[0,-0.29],[25.35,0],[6.22,7.1],[0,0],[20.09,0],[6.22,7.1],[0,0],[20.09,0],[6.22,7.1],[0,0],[20.09,0],[0,10.01],[-0.03,0.29],[0,0.33],[0,0],[-17.86,0],[-6.22,7.1],[0,0],[-20.09,0],[-6.22,7.1],[0,0],[-20.09,0],[-6.21,7.1],[0,0],[-20.09,0],[0,10.01],[0.03,0.29],[0,0.33],[0,0],[0,-3.76],[0,0]],"o":[[0,0.33],[0.03,0.29],[0,10.01],[-20.09,0],[0,0],[-6.21,7.1],[-20.09,0],[0,0],[-6.22,7.1],[-20.09,0],[0,0],[-6.22,7.1],[-25.35,0],[0,-0.29],[-0.03,-0.32],[0,0],[7.58,5.88],[20.09,0],[0,0],[6.22,7.1],[20.09,0],[0,0],[6.21,7.1],[20.09,0],[0,0],[6.22,7.1],[25.35,0],[0,-0.29],[0.03,-0.32],[0,0],[2.83,0.7],[0,0],[0,0]],"v":[[367.16,16.15],[367.1,17.11],[367.16,17.98],[321.26,36.11],[277.88,23.9],[272.85,23.9],[229.47,36.11],[186.09,23.9],[181.07,23.9],[137.68,36.11],[94.3,23.9],[89.28,23.9],[45.89,36.11],[0,17.98],[0.05,17.11],[0,16.15],[0,13.05],[40.92,22.96],[84.3,10.76],[89.32,10.76],[132.71,22.96],[176.09,10.76],[181.11,10.76],[224.49,22.96],[267.88,10.76],[272.9,10.76],[316.28,22.96],[362.18,4.83],[362.12,3.97],[362.18,3],[362.18,0],[367.16,7.61],[367.16,16.15]]}],"t":24.00000035762787},{"s":[{"c":true,"i":[[0,0],[0.03,-0.2],[0,-0.19],[25.35,0],[6.22,4.54],[0,0],[20.09,0],[6.22,4.54],[0,0],[20.09,0],[6.22,4.54],[0,0],[20.09,0],[0,6.4],[-0.03,0.18],[0,0.21],[0,0],[-17.86,0],[-6.22,4.54],[0,0],[-20.09,0],[-6.22,4.54],[0,0],[-20.09,0],[-6.21,4.54],[0,0],[-20.09,0],[0,6.4],[0.03,0.18],[0,0.21],[0,0],[0,-2.4],[0,0]],"o":[[0,0.21],[0.03,0.18],[0,6.4],[-20.09,0],[0,0],[-6.21,4.54],[-20.09,0],[0,0],[-6.22,4.54],[-20.09,0],[0,0],[-6.22,4.54],[-25.35,0],[0,-0.19],[-0.03,-0.2],[0,0],[7.58,3.76],[20.09,0],[0,0],[6.22,4.54],[20.09,0],[0,0],[6.21,4.54],[20.09,0],[0,0],[6.22,4.54],[25.35,0],[0,-0.19],[0.03,-0.2],[0,0],[2.83,0.45],[0,0],[0,0]],"v":[[367.16,10.33],[367.1,10.95],[367.16,11.5],[321.26,23.09],[277.88,15.29],[272.85,15.29],[229.47,23.09],[186.09,15.29],[181.07,15.29],[137.68,23.09],[94.3,15.29],[89.28,15.29],[45.89,23.09],[0,11.5],[0.05,10.95],[0,10.33],[0,8.35],[40.92,14.69],[84.3,6.88],[89.32,6.88],[132.71,14.69],[176.09,6.88],[181.11,6.88],[224.49,14.69],[267.88,6.88],[272.9,6.88],[316.28,14.69],[362.18,3.09],[362.12,2.54],[362.18,1.92],[362.18,0],[367.16,4.87],[367.16,10.33]]}],"t":48.00000071525574}]}},{"ty":"fl","c":{"a":1,"k":[{"o":{"x":0,"y":0},"i":{"x":0.58,"y":1},"s":[0.3176,0.4784,0.1647],"t":0},{"o":{"x":0.32,"y":0},"i":{"x":0.67,"y":0},"s":[0.3176,0.4784,0.1647],"t":24.00000035762787},{"s":[0.3176,0.4784,0.1647],"t":48.00000071525574}]},"r":1,"o":{"a":1,"k":[{"o":{"x":0,"y":0},"i":{"x":0.58,"y":1},"s":[100],"t":0},{"o":{"x":0.32,"y":0},"i":{"x":0.67,"y":0},"s":[100],"t":24.00000035762787},{"s":[100],"t":48.00000071525574}]}}],"ind":26},{"ty":4,"sr":1,"st":0,"op":49.00000071525574,"ip":0,"hasMask":false,"ao":0,"ks":{"a":{"a":1,"k":[{"o":{"x":0,"y":0},"i":{"x":0.58,"y":1},"s":[183.58,11.59],"t":0},{"o":{"x":0.32,"y":0},"i":{"x":0.67,"y":0},"s":[183.58,18.13],"t":24.00000035762787},{"s":[183.58,11.59],"t":48.00000071525574}]},"s":{"a":1,"k":[{"o":{"x":0,"y":0},"i":{"x":0.58,"y":1},"s":[100,100],"t":0},{"o":{"x":0.32,"y":0},"i":{"x":0.67,"y":0},"s":[100,100],"t":24.00000035762787},{"s":[100,100],"t":48.00000071525574}]},"p":{"a":1,"k":[{"o":{"x":0,"y":0},"i":{"x":0.58,"y":1},"s":[249.56,709.12],"t":0},{"o":{"x":0.32,"y":0},"i":{"x":0.67,"y":0},"s":[248.81,255.75],"t":24.00000035762787},{"s":[249.56,709.12],"t":48.00000071525574}]},"r":{"a":1,"k":[{"o":{"x":0,"y":0},"i":{"x":0.58,"y":1},"s":[0],"t":0},{"o":{"x":0.32,"y":0},"i":{"x":0.67,"y":0},"s":[9.26],"t":24.00000035762787},{"s":[0],"t":48.00000071525574}]},"o":{"a":1,"k":[{"o":{"x":0,"y":0},"i":{"x":0.58,"y":1},"s":[100],"t":0},{"o":{"x":0.32,"y":0},"i":{"x":0.67,"y":0},"s":[100],"t":24.00000035762787},{"s":[100],"t":48.00000071525574}]}},"shapes":[{"ty":"sh","d":1,"ks":{"a":1,"k":[{"o":{"x":0,"y":0},"i":{"x":0.58,"y":1},"s":[{"c":true,"i":[[0,0],[3.39,0],[0,0],[0,-2.73],[0,0],[-0.03,-0.2],[0,-0.19],[-25.35,0],[-6.22,4.54],[0,0],[-20.09,0],[-6.22,4.54],[0,0],[-20.09,0],[-6.22,4.54],[0,0],[-20.09,0],[0,6.4],[0.03,0.18],[0,0.21],[0,0],[0,0]],"o":[[0,-2.73],[0,0],[-3.39,0],[0,0],[0,0.21],[-0.03,0.18],[0,6.4],[20.09,0],[0,0],[6.22,4.54],[20.09,0],[0,0],[6.22,4.54],[20.09,0],[0,0],[6.22,4.54],[25.35,0],[0,-0.19],[0.03,-0.2],[0,0],[0,0],[0,0]],"v":[[367.16,4.96],[360.99,0],[6.16,0],[0,4.96],[0,10.42],[0.05,11.04],[0,11.59],[45.89,23.19],[89.28,15.38],[94.3,15.38],[137.68,23.19],[181.07,15.38],[186.09,15.38],[229.47,23.19],[272.86,15.38],[277.88,15.38],[321.26,23.19],[367.16,11.59],[367.11,11.04],[367.16,10.42],[367.16,4.96],[367.16,4.96]]}],"t":0},{"o":{"x":0.32,"y":0},"i":{"x":0.67,"y":0},"s":[{"c":true,"i":[[0,0],[3.39,0],[0,0],[0,-4.27],[0,0],[-0.03,-0.32],[0,-0.29],[-25.35,0],[-6.22,7.1],[0,0],[-20.09,0],[-6.22,7.1],[0,0],[-20.09,0],[-6.22,7.1],[0,0],[-20.09,0],[0,10.01],[0.03,0.29],[0,0.33],[0,0],[0,0]],"o":[[0,-4.27],[0,0],[-3.39,0],[0,0],[0,0.33],[-0.03,0.29],[0,10.01],[20.09,0],[0,0],[6.22,7.1],[20.09,0],[0,0],[6.22,7.1],[20.09,0],[0,0],[6.22,7.1],[25.35,0],[0,-0.29],[0.03,-0.32],[0,0],[0,0],[0,0]],"v":[[367.16,7.76],[360.99,0],[6.16,0],[0,7.76],[0,16.3],[0.05,17.26],[0,18.13],[45.89,36.25],[89.28,24.05],[94.3,24.05],[137.68,36.25],[181.07,24.05],[186.09,24.05],[229.47,36.25],[272.86,24.05],[277.88,24.05],[321.26,36.25],[367.16,18.13],[367.11,17.26],[367.16,16.3],[367.16,7.76],[367.16,7.76]]}],"t":24.00000035762787},{"s":[{"c":true,"i":[[0,0],[3.39,0],[0,0],[0,-2.73],[0,0],[-0.03,-0.2],[0,-0.19],[-25.35,0],[-6.22,4.54],[0,0],[-20.09,0],[-6.22,4.54],[0,0],[-20.09,0],[-6.22,4.54],[0,0],[-20.09,0],[0,6.4],[0.03,0.18],[0,0.21],[0,0],[0,0]],"o":[[0,-2.73],[0,0],[-3.39,0],[0,0],[0,0.21],[-0.03,0.18],[0,6.4],[20.09,0],[0,0],[6.22,4.54],[20.09,0],[0,0],[6.22,4.54],[20.09,0],[0,0],[6.22,4.54],[25.35,0],[0,-0.19],[0.03,-0.2],[0,0],[0,0],[0,0]],"v":[[367.16,4.96],[360.99,0],[6.16,0],[0,4.96],[0,10.42],[0.05,11.04],[0,11.59],[45.89,23.19],[89.28,15.38],[94.3,15.38],[137.68,23.19],[181.07,15.38],[186.09,15.38],[229.47,23.19],[272.86,15.38],[277.88,15.38],[321.26,23.19],[367.16,11.59],[367.11,11.04],[367.16,10.42],[367.16,4.96],[367.16,4.96]]}],"t":48.00000071525574}]}},{"ty":"fl","c":{"a":1,"k":[{"o":{"x":0,"y":0},"i":{"x":0.58,"y":1},"s":[0.4824,0.6784,0.3137],"t":0},{"o":{"x":0.32,"y":0},"i":{"x":0.67,"y":0},"s":[0.4824,0.6784,0.3137],"t":24.00000035762787},{"s":[0.4824,0.6784,0.3137],"t":48.00000071525574}]},"r":1,"o":{"a":1,"k":[{"o":{"x":0,"y":0},"i":{"x":0.58,"y":1},"s":[100],"t":0},{"o":{"x":0.32,"y":0},"i":{"x":0.67,"y":0},"s":[100],"t":24.00000035762787},{"s":[100],"t":48.00000071525574}]}}],"ind":27},{"ty":4,"sr":1,"st":0,"op":49.00000071525574,"ip":0,"hasMask":false,"ao":0,"ks":{"a":{"a":1,"k":[{"o":{"x":0,"y":0},"i":{"x":0.58,"y":1},"s":[177.85,18.61],"t":0},{"o":{"x":0.32,"y":0},"i":{"x":0.67,"y":0},"s":[177.85,29.1],"t":24.00000035762787},{"s":[177.85,18.61],"t":48.00000071525574}]},"s":{"a":1,"k":[{"o":{"x":0,"y":0},"i":{"x":0.58,"y":1},"s":[100,100],"t":0},{"o":{"x":0.32,"y":0},"i":{"x":0.67,"y":0},"s":[100,100],"t":24.00000035762787},{"s":[100,100],"t":48.00000071525574}]},"p":{"a":1,"k":[{"o":{"x":0,"y":0},"i":{"x":0.58,"y":1},"s":[249.85,726.78],"t":0},{"o":{"x":0.32,"y":0},"i":{"x":0.67,"y":0},"s":[240.82,321.59],"t":24.00000035762787},{"s":[249.85,726.78],"t":48.00000071525574}]},"r":{"a":1,"k":[{"o":{"x":0,"y":0},"i":{"x":0.58,"y":1},"s":[0],"t":0},{"o":{"x":0.32,"y":0},"i":{"x":0.67,"y":0},"s":[9.26],"t":24.00000035762787},{"s":[0],"t":48.00000071525574}]},"o":{"a":1,"k":[{"o":{"x":0,"y":0},"i":{"x":0.58,"y":1},"s":[100],"t":0},{"o":{"x":0.32,"y":0},"i":{"x":0.67,"y":0},"s":[100],"t":24.00000035762787},{"s":[100],"t":48.00000071525574}]}},"shapes":[{"ty":"sh","d":1,"ks":{"a":1,"k":[{"o":{"x":0,"y":0},"i":{"x":0.58,"y":1},"s":[{"c":true,"i":[[0,0],[0,0],[0,0],[0,0],[0,0],[0,0],[0,0],[0,0]],"o":[[0,0],[0,0],[0,0],[0,0],[0,0],[0,0],[0,0],[0,0]],"v":[[123.18,37.22],[0,10.19],[0,0],[355.7,0],[345.31,13.68],[342.77,13.95],[123.18,37.22],[123.18,37.22]]}],"t":0},{"o":{"x":0.32,"y":0},"i":{"x":0.67,"y":0},"s":[{"c":true,"i":[[0,0],[0,0],[0,0],[0,0],[0,0],[0,0],[0,0],[0,0]],"o":[[0,0],[0,0],[0,0],[0,0],[0,0],[0,0],[0,0],[0,0]],"v":[[123.18,58.19],[0,15.93],[0,0],[355.7,0],[345.31,21.39],[342.77,21.81],[123.18,58.19],[123.18,58.19]]}],"t":24.00000035762787},{"s":[{"c":true,"i":[[0,0],[0,0],[0,0],[0,0],[0,0],[0,0],[0,0],[0,0]],"o":[[0,0],[0,0],[0,0],[0,0],[0,0],[0,0],[0,0],[0,0]],"v":[[123.18,37.22],[0,10.19],[0,0],[355.7,0],[345.31,13.68],[342.77,13.95],[123.18,37.22],[123.18,37.22]]}],"t":48.00000071525574}]}},{"ty":"sh","d":1,"ks":{"a":1,"k":[{"o":{"x":0,"y":0},"i":{"x":0.58,"y":1},"s":[{"c":true,"i":[[0,0],[0,0],[0,0],[0,0],[0,0],[0,0]],"o":[[0,0],[0,0],[0,0],[0,0],[0,0],[0,0]],"v":[[13.27,6.37],[124.03,30.68],[338.61,7.94],[339.8,6.37],[13.27,6.37],[13.27,6.37]]}],"t":0},{"o":{"x":0.32,"y":0},"i":{"x":0.67,"y":0},"s":[{"c":true,"i":[[0,0],[0,0],[0,0],[0,0],[0,0],[0,0]],"o":[[0,0],[0,0],[0,0],[0,0],[0,0],[0,0]],"v":[[13.27,9.96],[124.03,47.96],[338.61,12.42],[339.8,9.96],[13.27,9.96],[13.27,9.96]]}],"t":24.00000035762787},{"s":[{"c":true,"i":[[0,0],[0,0],[0,0],[0,0],[0,0],[0,0]],"o":[[0,0],[0,0],[0,0],[0,0],[0,0],[0,0]],"v":[[13.27,6.37],[124.03,30.68],[338.61,7.94],[339.8,6.37],[13.27,6.37],[13.27,6.37]]}],"t":48.00000071525574}]}},{"ty":"fl","c":{"a":1,"k":[{"o":{"x":0,"y":0},"i":{"x":0.58,"y":1},"s":[0,0,0],"t":0},{"o":{"x":0.32,"y":0},"i":{"x":0.67,"y":0},"s":[0,0,0],"t":24.00000035762787},{"s":[0,0,0],"t":48.00000071525574}]},"r":1,"o":{"a":1,"k":[{"o":{"x":0,"y":0},"i":{"x":0.58,"y":1},"s":[100],"t":0},{"o":{"x":0.32,"y":0},"i":{"x":0.67,"y":0},"s":[100],"t":24.00000035762787},{"s":[100],"t":48.00000071525574}]}}],"ind":28},{"ty":4,"sr":1,"st":0,"op":49.00000071525574,"ip":0,"hasMask":false,"ao":0,"ks":{"a":{"a":1,"k":[{"o":{"x":0,"y":0},"i":{"x":0.58,"y":1},"s":[171.38,15.38],"t":0},{"o":{"x":0.32,"y":0},"i":{"x":0.67,"y":0},"s":[171.38,24.05],"t":24.00000035762787},{"s":[171.38,15.38],"t":48.00000071525574}]},"s":{"a":1,"k":[{"o":{"x":0,"y":0},"i":{"x":0.58,"y":1},"s":[100,100],"t":0},{"o":{"x":0.32,"y":0},"i":{"x":0.67,"y":0},"s":[100,100],"t":24.00000035762787},{"s":[100,100],"t":48.00000071525574}]},"p":{"a":1,"k":[{"o":{"x":0,"y":0},"i":{"x":0.58,"y":1},"s":[248.36,726.74],"t":0},{"o":{"x":0.32,"y":0},"i":{"x":0.67,"y":0},"s":[239.36,321.28],"t":24.00000035762787},{"s":[248.36,726.74],"t":48.00000071525574}]},"r":{"a":1,"k":[{"o":{"x":0,"y":0},"i":{"x":0.58,"y":1},"s":[0],"t":0},{"o":{"x":0.32,"y":0},"i":{"x":0.67,"y":0},"s":[9.26],"t":24.00000035762787},{"s":[0],"t":48.00000071525574}]},"o":{"a":1,"k":[{"o":{"x":0,"y":0},"i":{"x":0.58,"y":1},"s":[100],"t":0},{"o":{"x":0.32,"y":0},"i":{"x":0.67,"y":0},"s":[100],"t":24.00000035762787},{"s":[100],"t":48.00000071525574}]}},"shapes":[{"ty":"sh","d":1,"ks":{"a":1,"k":[{"o":{"x":0,"y":0},"i":{"x":0.58,"y":1},"s":[{"c":true,"i":[[0,0],[0,0],[0,0],[0,0],[0,0],[0,0],[0,0],[0,0],[0,0]],"o":[[0,0],[0,0],[0,0],[0,0],[0,0],[0,0],[0,0],[0,0],[0,0]],"v":[[342.77,0],[336.98,7.63],[118.63,30.76],[0,4.73],[0,0],[26.95,0],[118.63,20.12],[308.5,0],[342.77,0]]}],"t":0},{"o":{"x":0.32,"y":0},"i":{"x":0.67,"y":0},"s":[{"c":true,"i":[[0,0],[0,0],[0,0],[0,0],[0,0],[0,0],[0,0],[0,0],[0,0]],"o":[[0,0],[0,0],[0,0],[0,0],[0,0],[0,0],[0,0],[0,0],[0,0]],"v":[[342.77,0],[336.98,11.92],[118.63,48.09],[0,7.4],[0,0],[26.95,0],[118.63,31.45],[308.5,0],[342.77,0]]}],"t":24.00000035762787},{"s":[{"c":true,"i":[[0,0],[0,0],[0,0],[0,0],[0,0],[0,0],[0,0],[0,0],[0,0]],"o":[[0,0],[0,0],[0,0],[0,0],[0,0],[0,0],[0,0],[0,0],[0,0]],"v":[[342.77,0],[336.98,7.63],[118.63,30.76],[0,4.73],[0,0],[26.95,0],[118.63,20.12],[308.5,0],[342.77,0]]}],"t":48.00000071525574}]}},{"ty":"fl","c":{"a":1,"k":[{"o":{"x":0,"y":0},"i":{"x":0.58,"y":1},"s":[0.9569,0.8196,0.2314],"t":0},{"o":{"x":0.32,"y":0},"i":{"x":0.67,"y":0},"s":[0.9569,0.8196,0.2314],"t":24.00000035762787},{"s":[0.9569,0.8196,0.2314],"t":48.00000071525574}]},"r":1,"o":{"a":1,"k":[{"o":{"x":0,"y":0},"i":{"x":0.58,"y":1},"s":[100],"t":0},{"o":{"x":0.32,"y":0},"i":{"x":0.67,"y":0},"s":[100],"t":24.00000035762787},{"s":[100],"t":48.00000071525574}]}}],"ind":29},{"ty":4,"sr":1,"st":0,"op":49.00000071525574,"ip":0,"hasMask":false,"ao":0,"ks":{"a":{"a":1,"k":[{"o":{"x":0,"y":0},"i":{"x":0.58,"y":1},"s":[171.38,15.38],"t":0},{"o":{"x":0.32,"y":0},"i":{"x":0.67,"y":0},"s":[171.38,24.05],"t":24.00000035762787},{"s":[171.38,15.38],"t":48.00000071525574}]},"s":{"a":1,"k":[{"o":{"x":0,"y":0},"i":{"x":0.58,"y":1},"s":[100,100],"t":0},{"o":{"x":0.32,"y":0},"i":{"x":0.67,"y":0},"s":[100,100],"t":24.00000035762787},{"s":[100,100],"t":48.00000071525574}]},"p":{"a":1,"k":[{"o":{"x":0,"y":0},"i":{"x":0.58,"y":1},"s":[248.36,726.74],"t":0},{"o":{"x":0.32,"y":0},"i":{"x":0.67,"y":0},"s":[239.36,321.28],"t":24.00000035762787},{"s":[248.36,726.74],"t":48.00000071525574}]},"r":{"a":1,"k":[{"o":{"x":0,"y":0},"i":{"x":0.58,"y":1},"s":[0],"t":0},{"o":{"x":0.32,"y":0},"i":{"x":0.67,"y":0},"s":[9.26],"t":24.00000035762787},{"s":[0],"t":48.00000071525574}]},"o":{"a":1,"k":[{"o":{"x":0,"y":0},"i":{"x":0.58,"y":1},"s":[100],"t":0},{"o":{"x":0.32,"y":0},"i":{"x":0.67,"y":0},"s":[100],"t":24.00000035762787},{"s":[100],"t":48.00000071525574}]}},"shapes":[{"ty":"sh","d":1,"ks":{"a":1,"k":[{"o":{"x":0,"y":0},"i":{"x":0.58,"y":1},"s":[{"c":true,"i":[[0,0],[0,0],[0,0],[0,0],[0,0],[0,0]],"o":[[0,0],[0,0],[0,0],[0,0],[0,0],[0,0]],"v":[[0,4.73],[118.62,30.76],[336.98,7.63],[342.77,0],[0,0],[0,4.73]]}],"t":0},{"o":{"x":0.32,"y":0},"i":{"x":0.67,"y":0},"s":[{"c":true,"i":[[0,0],[0,0],[0,0],[0,0],[0,0],[0,0]],"o":[[0,0],[0,0],[0,0],[0,0],[0,0],[0,0]],"v":[[0,7.4],[118.62,48.09],[336.98,11.93],[342.77,0],[0,0],[0,7.4]]}],"t":24.00000035762787},{"s":[{"c":true,"i":[[0,0],[0,0],[0,0],[0,0],[0,0],[0,0]],"o":[[0,0],[0,0],[0,0],[0,0],[0,0],[0,0]],"v":[[0,4.73],[118.62,30.76],[336.98,7.63],[342.77,0],[0,0],[0,4.73]]}],"t":48.00000071525574}]}},{"ty":"fl","c":{"a":1,"k":[{"o":{"x":0,"y":0},"i":{"x":0.58,"y":1},"s":[0.8,0.6667,0.098],"t":0},{"o":{"x":0.32,"y":0},"i":{"x":0.67,"y":0},"s":[0.8,0.6667,0.098],"t":24.00000035762787},{"s":[0.8,0.6667,0.098],"t":48.00000071525574}]},"r":1,"o":{"a":1,"k":[{"o":{"x":0,"y":0},"i":{"x":0.58,"y":1},"s":[100],"t":0},{"o":{"x":0.32,"y":0},"i":{"x":0.67,"y":0},"s":[100],"t":24.00000035762787},{"s":[100],"t":48.00000071525574}]}}],"ind":30},{"ty":4,"sr":1,"st":0,"op":49.00000071525574,"ip":0,"hasMask":false,"ao":0,"ks":{"a":{"a":1,"k":[{"o":{"x":0,"y":0},"i":{"x":0.58,"y":1},"s":[199.04,18.62],"t":0},{"o":{"x":0.32,"y":0},"i":{"x":0.67,"y":0},"s":[199.04,29.11],"t":24.00000035762787},{"s":[199.04,18.62],"t":48.00000071525574}]},"s":{"a":1,"k":[{"o":{"x":0,"y":0},"i":{"x":0.58,"y":1},"s":[100,100],"t":0},{"o":{"x":0.32,"y":0},"i":{"x":0.67,"y":0},"s":[100,100],"t":24.00000035762787},{"s":[100,100],"t":48.00000071525574}]},"p":{"a":1,"k":[{"o":{"x":0,"y":0},"i":{"x":0.58,"y":1},"s":[250.04,736.15],"t":0},{"o":{"x":0.32,"y":0},"i":{"x":0.67,"y":0},"s":[236.51,357.68],"t":24.00000035762787},{"s":[250.04,736.15],"t":48.00000071525574}]},"r":{"a":1,"k":[{"o":{"x":0,"y":0},"i":{"x":0.58,"y":1},"s":[0],"t":0},{"o":{"x":0.32,"y":0},"i":{"x":0.67,"y":0},"s":[9.26],"t":24.00000035762787},{"s":[0],"t":48.00000071525574}]},"o":{"a":1,"k":[{"o":{"x":0,"y":0},"i":{"x":0.58,"y":1},"s":[100],"t":0},{"o":{"x":0.32,"y":0},"i":{"x":0.67,"y":0},"s":[100],"t":24.00000035762787},{"s":[100],"t":48.00000071525574}]}},"shapes":[{"ty":"sh","d":1,"ks":{"a":1,"k":[{"o":{"x":0,"y":0},"i":{"x":0.58,"y":1},"s":[{"c":true,"i":[[0,0],[0,0],[0,7.83],[0,0],[-13.18,0],[0,0],[0,-7.83],[0,0],[13.18,0]],"o":[[0,0],[-13.18,0],[0,0],[0,-7.83],[0,0],[13.18,0],[0,0],[0,7.83],[0,0]],"v":[[374.18,37.24],[23.91,37.24],[0,23.03],[0,14.21],[23.91,0],[374.18,0],[398.09,14.21],[398.09,23.03],[374.18,37.24]]}],"t":0},{"o":{"x":0.32,"y":0},"i":{"x":0.67,"y":0},"s":[{"c":true,"i":[[0,0],[0,0],[0,12.24],[0,0],[-13.18,0],[0,0],[0,-12.24],[0,0],[13.18,0]],"o":[[0,0],[-13.18,0],[0,0],[0,-12.24],[0,0],[13.18,0],[0,0],[0,12.24],[0,0]],"v":[[374.18,58.22],[23.91,58.22],[0,36.01],[0,22.21],[23.91,0],[374.18,0],[398.09,22.21],[398.09,36.01],[374.18,58.22]]}],"t":24.00000035762787},{"s":[{"c":true,"i":[[0,0],[0,0],[0,7.83],[0,0],[-13.18,0],[0,0],[0,-7.83],[0,0],[13.18,0]],"o":[[0,0],[-13.18,0],[0,0],[0,-7.83],[0,0],[13.18,0],[0,0],[0,7.83],[0,0]],"v":[[374.18,37.24],[23.91,37.24],[0,23.03],[0,14.21],[23.91,0],[374.18,0],[398.09,14.21],[398.09,23.03],[374.18,37.24]]}],"t":48.00000071525574}]}},{"ty":"sh","d":1,"ks":{"a":1,"k":[{"o":{"x":0,"y":0},"i":{"x":0.58,"y":1},"s":[{"c":true,"i":[[0,0],[0,-4.32],[0,0],[-7.28,0],[0,0],[0,4.32],[0,0],[7.28,0],[0,0]],"o":[[-7.27,0],[0,0],[0,4.32],[0,0],[7.27,0],[0,0],[0,-4.32],[0,0],[0,0]],"v":[[23.91,6.37],[10.72,14.21],[10.72,23.03],[23.91,30.87],[374.18,30.87],[387.37,23.03],[387.37,14.21],[374.18,6.37],[23.91,6.37]]}],"t":0},{"o":{"x":0.32,"y":0},"i":{"x":0.67,"y":0},"s":[{"c":true,"i":[[0,0],[0,-6.76],[0,0],[-7.28,0],[0,0],[0,6.76],[0,0],[7.28,0],[0,0]],"o":[[-7.27,0],[0,0],[0,6.76],[0,0],[7.27,0],[0,0],[0,-6.76],[0,0],[0,0]],"v":[[23.91,9.96],[10.72,22.21],[10.72,36.01],[23.91,48.26],[374.18,48.26],[387.37,36.01],[387.37,22.21],[374.18,9.96],[23.91,9.96]]}],"t":24.00000035762787},{"s":[{"c":true,"i":[[0,0],[0,-4.32],[0,0],[-7.28,0],[0,0],[0,4.32],[0,0],[7.28,0],[0,0]],"o":[[-7.27,0],[0,0],[0,4.32],[0,0],[7.27,0],[0,0],[0,-4.32],[0,0],[0,0]],"v":[[23.91,6.37],[10.72,14.21],[10.72,23.03],[23.91,30.87],[374.18,30.87],[387.37,23.03],[387.37,14.21],[374.18,6.37],[23.91,6.37]]}],"t":48.00000071525574}]}},{"ty":"fl","c":{"a":1,"k":[{"o":{"x":0,"y":0},"i":{"x":0.58,"y":1},"s":[0,0,0],"t":0},{"o":{"x":0.32,"y":0},"i":{"x":0.67,"y":0},"s":[0,0,0],"t":24.00000035762787},{"s":[0,0,0],"t":48.00000071525574}]},"r":1,"o":{"a":1,"k":[{"o":{"x":0,"y":0},"i":{"x":0.58,"y":1},"s":[100],"t":0},{"o":{"x":0.32,"y":0},"i":{"x":0.67,"y":0},"s":[100],"t":24.00000035762787},{"s":[100],"t":48.00000071525574}]}}],"ind":31},{"ty":4,"sr":1,"st":0,"op":49.00000071525574,"ip":0,"hasMask":false,"ao":0,"ks":{"a":{"a":1,"k":[{"o":{"x":0,"y":0},"i":{"x":0.58,"y":1},"s":[193.69,15.43],"t":0},{"o":{"x":0.32,"y":0},"i":{"x":0.67,"y":0},"s":[193.69,24.12],"t":24.00000035762787},{"s":[193.69,15.43],"t":48.00000071525574}]},"s":{"a":1,"k":[{"o":{"x":0,"y":0},"i":{"x":0.58,"y":1},"s":[100,100],"t":0},{"o":{"x":0.32,"y":0},"i":{"x":0.67,"y":0},"s":[100,100],"t":24.00000035762787},{"s":[100,100],"t":48.00000071525574}]},"p":{"a":1,"k":[{"o":{"x":0,"y":0},"i":{"x":0.58,"y":1},"s":[250.04,736.15],"t":0},{"o":{"x":0.32,"y":0},"i":{"x":0.67,"y":0},"s":[236.51,357.68],"t":24.00000035762787},{"s":[250.04,736.15],"t":48.00000071525574}]},"r":{"a":1,"k":[{"o":{"x":0,"y":0},"i":{"x":0.58,"y":1},"s":[0],"t":0},{"o":{"x":0.32,"y":0},"i":{"x":0.67,"y":0},"s":[9.26],"t":24.00000035762787},{"s":[0],"t":48.00000071525574}]},"o":{"a":1,"k":[{"o":{"x":0,"y":0},"i":{"x":0.58,"y":1},"s":[100],"t":0},{"o":{"x":0.32,"y":0},"i":{"x":0.67,"y":0},"s":[100],"t":24.00000035762787},{"s":[100],"t":48.00000071525574}]}},"shapes":[{"ty":"sh","d":1,"ks":{"a":1,"k":[{"o":{"x":0,"y":0},"i":{"x":0.58,"y":1},"s":[{"c":true,"i":[[0,0],[0,0],[10.2,0],[0,0],[0,6.06],[0,0],[-0.28,0],[0,0],[0,6.06],[0,0],[0,-5.9]],"o":[[0,0],[0,6.06],[0,0],[-10.2,0],[0,0],[0.28,0.01],[0,0],[10.2,0],[0,0],[9.82,0.26],[0,0]],"v":[[387.37,11.01],[387.37,19.84],[368.82,30.86],[18.55,30.86],[0,19.84],[0,18.59],[0.84,18.61],[351.11,18.61],[369.65,7.59],[369.65,0],[387.37,11.01]]}],"t":0},{"o":{"x":0.32,"y":0},"i":{"x":0.67,"y":0},"s":[{"c":true,"i":[[0,0],[0,0],[10.2,0],[0,0],[0,9.48],[0,0],[-0.28,0],[0,0],[0,9.48],[0,0],[0,-9.22]],"o":[[0,0],[0,9.48],[0,0],[-10.2,0],[0,0],[0.28,0.01],[0,0],[10.2,0],[0,0],[9.82,0.41],[0,0]],"v":[[387.37,17.21],[387.37,31.01],[368.82,48.24],[18.55,48.24],[0,31.01],[0,29.07],[0.84,29.09],[351.11,29.09],[369.65,11.86],[369.65,0],[387.37,17.21]]}],"t":24.00000035762787},{"s":[{"c":true,"i":[[0,0],[0,0],[10.2,0],[0,0],[0,6.06],[0,0],[-0.28,0],[0,0],[0,6.06],[0,0],[0,-5.9]],"o":[[0,0],[0,6.06],[0,0],[-10.2,0],[0,0],[0.28,0.01],[0,0],[10.2,0],[0,0],[9.82,0.26],[0,0]],"v":[[387.37,11.01],[387.37,19.84],[368.82,30.86],[18.55,30.86],[0,19.84],[0,18.59],[0.84,18.61],[351.11,18.61],[369.65,7.59],[369.65,0],[387.37,11.01]]}],"t":48.00000071525574}]}},{"ty":"fl","c":{"a":1,"k":[{"o":{"x":0,"y":0},"i":{"x":0.58,"y":1},"s":[0.4196,0.1922,0.0392],"t":0},{"o":{"x":0.32,"y":0},"i":{"x":0.67,"y":0},"s":[0.4196,0.1922,0.0392],"t":24.00000035762787},{"s":[0.4196,0.1922,0.0392],"t":48.00000071525574}]},"r":1,"o":{"a":1,"k":[{"o":{"x":0,"y":0},"i":{"x":0.58,"y":1},"s":[100],"t":0},{"o":{"x":0.32,"y":0},"i":{"x":0.67,"y":0},"s":[100],"t":24.00000035762787},{"s":[100],"t":48.00000071525574}]}}],"ind":32},{"ty":4,"sr":1,"st":0,"op":49.00000071525574,"ip":0,"hasMask":false,"ao":0,"ks":{"a":{"a":1,"k":[{"o":{"x":0,"y":0},"i":{"x":0.58,"y":1},"s":[193.68,15.43],"t":0},{"o":{"x":0.32,"y":0},"i":{"x":0.67,"y":0},"s":[193.68,24.13],"t":24.00000035762787},{"s":[193.68,15.43],"t":48.00000071525574}]},"s":{"a":1,"k":[{"o":{"x":0,"y":0},"i":{"x":0.58,"y":1},"s":[100,100],"t":0},{"o":{"x":0.32,"y":0},"i":{"x":0.67,"y":0},"s":[100,100],"t":24.00000035762787},{"s":[100,100],"t":48.00000071525574}]},"p":{"a":1,"k":[{"o":{"x":0,"y":0},"i":{"x":0.58,"y":1},"s":[250.05,736.15],"t":0},{"o":{"x":0.32,"y":0},"i":{"x":0.67,"y":0},"s":[236.51,357.68],"t":24.00000035762787},{"s":[250.05,736.15],"t":48.00000071525574}]},"r":{"a":1,"k":[{"o":{"x":0,"y":0},"i":{"x":0.58,"y":1},"s":[0],"t":0},{"o":{"x":0.32,"y":0},"i":{"x":0.67,"y":0},"s":[9.26],"t":24.00000035762787},{"s":[0],"t":48.00000071525574}]},"o":{"a":1,"k":[{"o":{"x":0,"y":0},"i":{"x":0.58,"y":1},"s":[100],"t":0},{"o":{"x":0.32,"y":0},"i":{"x":0.67,"y":0},"s":[100],"t":24.00000035762787},{"s":[100],"t":48.00000071525574}]}},"shapes":[{"ty":"sh","d":1,"ks":{"a":1,"k":[{"o":{"x":0,"y":0},"i":{"x":0.58,"y":1},"s":[{"c":true,"i":[[0,0],[0,0],[0,-6.08],[0,0],[9.51,0],[0,0],[0,6.08],[0,0],[-9.51,0]],"o":[[0,0],[9.51,0],[0,0],[0,6.08],[0,0],[-9.51,0],[0,0],[0,-6.08],[0,0]],"v":[[17.23,0],[370.14,0],[387.37,11.02],[387.37,19.85],[370.14,30.87],[17.23,30.87],[0,19.85],[0,11.02],[17.23,0]]}],"t":0},{"o":{"x":0.32,"y":0},"i":{"x":0.67,"y":0},"s":[{"c":true,"i":[[0,0],[0,0],[0,-9.51],[0,0],[9.51,0],[0,0],[0,9.51],[0,0],[-9.51,0]],"o":[[0,0],[9.51,0],[0,0],[0,9.51],[0,0],[-9.51,0],[0,0],[0,-9.51],[0,0]],"v":[[17.23,0],[370.14,0],[387.37,17.23],[387.37,31.03],[370.14,48.26],[17.23,48.26],[0,31.03],[0,17.23],[17.23,0]]}],"t":24.00000035762787},{"s":[{"c":true,"i":[[0,0],[0,0],[0,-6.08],[0,0],[9.51,0],[0,0],[0,6.08],[0,0],[-9.51,0]],"o":[[0,0],[9.51,0],[0,0],[0,6.08],[0,0],[-9.51,0],[0,0],[0,-6.08],[0,0]],"v":[[17.23,0],[370.14,0],[387.37,11.02],[387.37,19.85],[370.14,30.87],[17.23,30.87],[0,19.85],[0,11.02],[17.23,0]]}],"t":48.00000071525574}]}},{"ty":"fl","c":{"a":1,"k":[{"o":{"x":0,"y":0},"i":{"x":0.58,"y":1},"s":[0.549,0.2745,0.0902],"t":0},{"o":{"x":0.32,"y":0},"i":{"x":0.67,"y":0},"s":[0.549,0.2745,0.0902],"t":24.00000035762787},{"s":[0.549,0.2745,0.0902],"t":48.00000071525574}]},"r":1,"o":{"a":1,"k":[{"o":{"x":0,"y":0},"i":{"x":0.58,"y":1},"s":[100],"t":0},{"o":{"x":0.32,"y":0},"i":{"x":0.67,"y":0},"s":[100],"t":24.00000035762787},{"s":[100],"t":48.00000071525574}]}}],"ind":33},{"ty":1,"sr":1,"st":0,"op":49.00000071525574,"ip":0,"hasMask":false,"ao":0,"ks":{"a":{"a":0,"k":[0,0]},"s":{"a":0,"k":[100,100]},"p":{"a":0,"k":[0,0]},"r":{"a":0,"k":0},"o":{"a":0,"k":100}},"sc":"#ffffff","sh":800,"sw":500,"ind":34}],"v":"5.7.0","fr":30,"op":48.00000071525574,"ip":0,"assets":[]}